Latitude,Longitude
39.9646462,32.5840059
39.9141235,32.9657783
39.9645880,32.5839570
39.9351120,32.8435260
39.9352210,32.8437340
39.9133800,32.9657160
39.9137020,32.9659920
39.9645880,32.5839570
39.9645880,32.5839570
39.9646060,32.5839720
39.9644920,32.5843101
39.9642841,32.5849170
39.9640991,32.5854289
39.9639070,32.5859701
39.9637309,32.5865511
39.9635740,32.5870649
39.9634671,32.5874409
39.9633850,32.5877280
39.9632980,32.5880719
39.9632170,32.5884321
39.9631530,32.5887240
39.9630810,32.5891050
39.9629720,32.5897490
39.9628650,32.5904240
39.9627551,32.5911569
39.9626819,32.5916061
39.9626090,32.5921159
39.9624950,32.5928260
39.9623780,32.5936150
39.9622880,32.5941759
39.9622070,32.5946830
39.9620990,32.5953870
39.9619791,32.5961439
39.9618900,32.5967261
39.9618120,32.5972411
39.9617030,32.5979350
39.9616051,32.5986239
39.9615040,32.5993400
39.9614101,32.5999469
39.9612989,32.6006671
39.9611990,32.6013130
39.9611060,32.6019081
39.9610220,32.6024650
39.9609310,32.6030129
39.9608361,32.6036309
39.9607489,32.6041751
39.9606790,32.6046329
39.9605951,32.6051869
39.9605130,32.6057300
39.9604551,32.6060809
39.9603999,32.6064391
39.9603320,32.6069030
39.9602699,32.6072541
39.9602099,32.6075870
39.9601380,32.6079271
39.9600579,32.6082700
39.9599690,32.6086120
39.9599081,32.6088419
39.9598081,32.6091880
39.9596970,32.6095349
39.9595650,32.6099339
39.9593229,32.6105940
39.9591190,32.6111421
39.9590100,32.6114429
39.9589100,32.6117160
39.9586659,32.6123431
39.9584480,32.6129581
39.9581710,32.6136819
39.9579241,32.6143520
39.9577810,32.6147910
39.9576250,32.6153430
39.9575331,32.6157360
39.9574400,32.6161679
39.9573700,32.6165529
39.9573261,32.6168460
39.9572770,32.6172071
39.9572410,32.6174979
39.9571970,32.6179940
39.9571540,32.6186501
39.9571161,32.6192500
39.9570730,32.6199300
39.9570270,32.6206771
39.9569920,32.6212650
39.9569471,32.6219009
39.9569049,32.6225901
39.9568450,32.6233609
39.9567989,32.6238981
39.9567260,32.6245749
39.9566690,32.6251679
39.9566280,32.6255760
39.9565680,32.6261259
39.9564919,32.6268940
39.9564381,32.6273459
39.9563739,32.6278580
39.9562440,32.6285820
39.9560669,32.6294061
39.9558360,32.6305489
39.9558360,32.6305510
39.9558000,32.6307269
39.9556729,32.6314331
39.9555370,32.6320619
39.9554490,32.6324900
39.9553739,32.6328150
39.9552210,32.6334110
39.9551020,32.6338800
39.9549619,32.6343979
39.9548081,32.6349980
39.9547010,32.6353800
39.9545880,32.6358089
39.9544839,32.6361920
39.9544051,32.6365180
39.9543040,32.6369750
39.9542109,32.6374360
39.9540810,32.6380671
39.9539810,32.6385729
39.9538810,32.6390750
39.9537500,32.6397079
39.9536130,32.6404269
39.9534720,32.6411309
39.9533359,32.6417870
39.9531730,32.6426300
39.9530619,32.6431970
39.9529399,32.6438041
39.9528391,32.6443409
39.9526950,32.6450640
39.9525799,32.6456600
39.9524620,32.6462890
39.9523380,32.6469089
39.9522240,32.6475199
39.9520439,32.6484131
39.9519381,32.6489680
39.9517840,32.6497459
39.9516520,32.6504369
39.9515530,32.6509950
39.9514510,32.6515130
39.9513960,32.6517149
39.9513400,32.6519031
39.9512400,32.6522340
39.9510910,32.6528810
39.9509800,32.6534640
39.9508880,32.6539789
39.9507750,32.6545790
39.9506761,32.6551139
39.9505410,32.6558580
39.9504220,32.6564910
39.9503050,32.6571459
39.9501611,32.6579500
39.9500369,32.6586240
39.9499220,32.6592410
39.9497800,32.6600280
39.9496450,32.6608260
39.9495341,32.6614840
39.9494530,32.6619930
39.9493649,32.6625041
39.9492640,32.6631170
39.9491820,32.6636610
39.9490760,32.6642680
39.9489859,32.6648780
39.9488940,32.6654660
39.9488131,32.6660470
39.9487390,32.6665310
39.9486480,32.6671189
39.9485539,32.6676971
39.9484550,32.6682929
39.9483700,32.6688269
39.9482930,32.6692940
39.9482151,32.6697730
39.9481399,32.6702011
39.9480660,32.6706080
39.9479791,32.6710450
39.9478400,32.6716311
39.9477329,32.6720700
39.9476180,32.6724871
39.9474560,32.6730440
39.9472860,32.6736310
39.9471600,32.6740620
39.9470190,32.6745591
39.9468579,32.6750901
39.9466370,32.6758380
39.9464700,32.6764110
39.9463240,32.6769139
39.9461719,32.6774391
39.9460050,32.6779980
39.9458190,32.6786380
39.9456510,32.6792070
39.9454441,32.6798970
39.9452730,32.6804969
39.9451321,32.6809700
39.9449279,32.6816601
39.9448170,32.6820269
39.9446849,32.6824531
39.9444861,32.6830170
39.9443349,32.6834230
39.9440970,32.6839989
39.9438490,32.6845470
39.9436231,32.6850279
39.9434171,32.6854510
39.9432300,32.6858430
39.9430191,32.6862960
39.9428079,32.6867251
39.9425360,32.6872839
39.9423030,32.6877951
39.9421300,32.6882121
39.9419520,32.6886609
39.9418680,32.6888969
39.9417910,32.6891190
39.9416100,32.6896509
39.9413400,32.6904709
39.9411071,32.6911720
39.9408970,32.6917971
39.9407490,32.6922490
39.9406080,32.6926781
39.9404380,32.6931400
39.9403291,32.6934439
39.9402090,32.6937430
39.9400760,32.6940479
39.9399360,32.6943670
39.9398010,32.6946480
39.9396290,32.6949881
39.9395100,32.6952159
39.9392680,32.6956320
39.9390760,32.6959551
39.9389039,32.6962360
39.9387970,32.6963960
39.9386950,32.6965420
39.9384860,32.6968279
39.9382210,32.6971870
39.9379719,32.6975010
39.9376170,32.6979420
39.9373650,32.6982620
39.9371151,32.6985819
39.9367830,32.6989999
39.9366029,32.6992311
39.9363260,32.6995680
39.9360640,32.6999030
39.9358100,32.7002110
39.9356290,32.7004430
39.9354219,32.7007031
39.9350430,32.7011750
39.9347520,32.7015359
39.9344619,32.7018941
39.9341610,32.7022740
39.9338570,32.7026540
39.9335459,32.7030441
39.9332820,32.7033740
39.9329770,32.7037490
39.9326610,32.7041451
39.9323510,32.7045399
39.9322780,32.7046330
39.9319560,32.7050339
39.9315180,32.7055710
39.9311740,32.7060070
39.9308650,32.7063910
39.9306130,32.7067051
39.9303560,32.7070299
39.9301291,32.7073179
39.9298960,32.7076359
39.9296100,32.7080399
39.9292980,32.7085170
39.9290990,32.7088289
39.9288710,32.7092200
39.9286031,32.7096960
39.9284370,32.7100100
39.9282740,32.7103370
39.9280050,32.7108980
39.9278360,32.7112730
39.9276539,32.7117200
39.9275240,32.7120230
39.9274061,32.7123489
39.9273010,32.7126290
39.9271901,32.7129580
39.9270370,32.7134269
39.9269199,32.7138240
39.9268290,32.7141651
39.9267010,32.7146419
39.9265811,32.7151639
39.9264449,32.7157390
39.9263199,32.7163331
39.9261970,32.7168920
39.9261410,32.7171360
39.9260559,32.7175120
39.9259480,32.7180120
39.9258340,32.7184990
39.9257370,32.7189960
39.9256300,32.7194559
39.9255560,32.7197959
39.9254430,32.7202990
39.9253630,32.7207060
39.9252680,32.7211630
39.9252040,32.7214870
39.9251350,32.7218990
39.9250771,32.7222919
39.9250090,32.7228680
39.9249571,32.7233700
39.9249149,32.7237681
39.9248900,32.7242930
39.9248660,32.7247231
39.9248520,32.7251951
39.9248510,32.7256360
39.9248589,32.7261370
39.9248760,32.7266089
39.9249110,32.7272489
39.9249769,32.7279520
39.9250711,32.7287060
39.9251550,32.7292719
39.9252651,32.7298869
39.9253990,32.7305439
39.9255550,32.7311799
39.9256920,32.7316970
39.9258209,32.7321290
39.9259761,32.7326380
39.9262570,32.7334239
39.9265280,32.7342090
39.9267650,32.7348780
39.9270100,32.7355760
39.9272830,32.7363690
39.9275440,32.7371150
39.9278220,32.7379100
39.9280501,32.7385599
39.9282970,32.7392479
39.9284880,32.7398060
39.9287320,32.7404960
39.9289490,32.7410941
39.9291871,32.7417689
39.9294480,32.7424931
39.9296960,32.7431979
39.9299590,32.7439560
39.9301360,32.7444680
39.9303510,32.7450921
39.9305500,32.7456591
39.9307130,32.7461990
39.9308400,32.7466409
39.9309820,32.7472050
39.9311060,32.7477609
39.9312330,32.7484199
39.9313450,32.7491490
39.9314020,32.7496190
39.9314460,32.7500800
39.9314820,32.7504359
39.9315110,32.7510951
39.9315260,32.7516360
39.9315160,32.7524650
39.9315030,32.7528201
39.9314850,32.7531429
39.9314549,32.7536890
39.9314080,32.7542959
39.9313580,32.7550489
39.9313080,32.7557130
39.9312670,32.7562981
39.9312210,32.7569420
39.9311830,32.7575150
39.9311410,32.7581031
39.9310980,32.7587020
39.9310650,32.7593000
39.9310280,32.7598300
39.9309840,32.7603280
39.9309490,32.7608810
39.9309190,32.7613141
39.9308869,32.7618980
39.9308769,32.7625261
39.9308811,32.7630790
39.9308950,32.7636500
39.9309250,32.7641050
39.9309770,32.7646639
39.9310150,32.7650691
39.9310910,32.7656050
39.9311931,32.7662209
39.9313130,32.7668889
39.9314311,32.7675600
39.9315710,32.7683100
39.9316810,32.7689540
39.9317810,32.7694701
39.9318780,32.7699951
39.9319801,32.7705109
39.9320579,32.7708730
39.9321299,32.7712070
39.9322080,32.7715601
39.9323411,32.7721180
39.9325630,32.7729869
39.9327590,32.7737741
39.9329410,32.7744809
39.9331110,32.7751520
39.9332250,32.7755800
39.9333439,32.7759820
39.9335611,32.7766349
39.9338670,32.7775610
39.9341450,32.7783200
39.9344140,32.7790890
39.9347009,32.7798951
39.9349440,32.7805990
39.9351581,32.7812219
39.9353980,32.7819039
39.9355850,32.7824220
39.9358180,32.7830980
39.9360350,32.7837230
39.9362689,32.7843821
39.9365449,32.7851620
39.9368050,32.7859120
39.9370230,32.7865220
39.9372610,32.7872080
39.9375389,32.7879910
39.9378070,32.7887600
39.9382460,32.7900970
39.9384639,32.7906920
39.9387020,32.7913490
39.9390040,32.7922009
39.9392830,32.7929340
39.9395570,32.7937330
39.9397991,32.7945169
39.9400110,32.7953740
39.9401689,32.7960251
39.9403200,32.7966949
39.9405000,32.7974779
39.9406550,32.7981330
39.9408459,32.7989650
39.9409979,32.7996161
39.9411480,32.8002809
39.9413631,32.8011240
39.9414980,32.8017690
39.9417070,32.8026820
39.9418840,32.8034520
39.9420640,32.8042089
39.9422590,32.8050440
39.9424330,32.8057949
39.9426320,32.8066369
39.9428190,32.8074271
39.9430009,32.8082120
39.9431630,32.8089340
39.9432941,32.8095210
39.9434320,32.8101330
39.9435830,32.8107870
39.9438090,32.8117520
39.9439870,32.8125141
39.9441790,32.8133079
39.9443490,32.8140670
39.9444990,32.8146831
39.9446430,32.8152679
39.9448390,32.8160399
39.9450060,32.8167110
39.9451760,32.8174090
39.9453569,32.8181410
39.9455410,32.8188870
39.9457260,32.8196240
39.9458530,32.8201529
39.9459350,32.8205919
39.9460020,32.8211359
39.9460289,32.8214940
39.9460370,32.8218320
39.9460349,32.8221221
39.9460200,32.8224839
39.9459820,32.8228790
39.9459370,32.8232270
39.9458930,32.8234861
39.9458469,32.8237360
39.9457890,32.8239800
39.9457080,32.8242890
39.9456140,32.8245749
39.9455130,32.8248660
39.9454000,32.8251509
39.9451899,32.8256151
39.9449480,32.8261281
39.9447980,32.8264421
39.9446439,32.8267690
39.9444370,32.8271890
39.9442510,32.8275461
39.9440330,32.8279701
39.9438129,32.8283770
39.9434811,32.8289880
39.9433000,32.8293040
39.9430510,32.8297519
39.9427980,32.8302190
39.9426079,32.8305681
39.9423541,32.8310199
39.9420951,32.8315080
39.9418020,32.8320280
39.9415590,32.8324761
39.9413160,32.8329090
39.9410819,32.8333350
39.9407960,32.8338551
39.9405490,32.8342930
39.9403269,32.8347101
39.9400600,32.8352089
39.9397730,32.8357441
39.9395359,32.8361890
39.9392820,32.8366700
39.9390350,32.8371390
39.9388041,32.8375570
39.9385590,32.8380260
39.9383260,32.8384600
39.9381259,32.8388330
39.9379600,32.8391480
39.9378420,32.8393420
39.9377200,32.8395170
39.9376150,32.8396490
39.9375320,32.8397420
39.9374180,32.8398520
39.9372910,32.8399790
39.9371950,32.8400840
39.9371021,32.8401880
39.9369530,32.8403819
39.9368189,32.8405740
39.9365930,32.8409090
39.9365060,32.8410389
39.9364000,32.8412130
39.9361280,32.8417350
39.9359029,32.8421621
39.9356320,32.8426450
39.9353260,32.8432080
39.9351383,32.8435506
39.9351120,32.8435260
39.9352210,32.8437340
39.9348701,32.8434227
39.9347792,32.8435969
39.9346569,32.8438315
39.9343054,32.8444950
39.9339872,32.8450628
39.9338552,32.8452748
39.9337066,32.8454938
39.9335772,32.8456864
39.9333761,32.8459965
39.9333281,32.8460616
39.9332475,32.8461711
39.9330864,32.8464063
39.9330457,32.8464867
39.9328914,32.8467657
39.9327899,32.8469382
39.9327306,32.8470358
39.9326744,32.8471234
39.9326038,32.8472168
39.9324836,32.8473662
39.9323813,32.8474740
39.9322054,32.8476604
39.9320893,32.8477748
39.9319935,32.8478903
39.9319430,32.8479461
39.9316372,32.8482831
39.9310232,32.8489564
39.9307326,32.8492794
39.9303337,32.8497703
39.9301078,32.8501236
39.9299774,32.8503771
39.9298512,32.8506293
39.9297508,32.8508647
39.9296182,32.8512224
39.9295335,32.8514840
39.9294563,32.8517538
39.9294460,32.8517900
39.9293888,32.8520622
39.9293666,32.8522077
39.9293308,32.8524445
39.9292961,32.8528044
39.9292790,32.8529801
39.9292590,32.8531985
39.9292520,32.8532670
39.9292245,32.8536014
39.9292153,32.8538695
39.9292096,32.8539864
39.9292040,32.8541030
39.9291669,32.8548050
39.9291348,32.8554115
39.9291282,32.8555602
39.9291008,32.8564978
39.9290934,32.8567467
39.9291053,32.8572100
39.9291318,32.8578409
39.9291475,32.8582119
39.9291593,32.8588173
39.9291575,32.8593520
39.9291533,32.8594666
39.9291432,32.8596024
39.9291331,32.8597384
39.9291283,32.8597996
39.9291235,32.8598607
39.9291162,32.8599470
39.9291090,32.8600328
39.9291043,32.8600705
39.9290680,32.8604305
39.9290202,32.8607883
39.9288726,32.8618160
39.9288313,32.8621327
39.9287948,32.8624953
39.9287658,32.8628482
39.9287484,32.8631786
39.9287419,32.8636362
39.9287524,32.8642473
39.9287693,32.8647212
39.9287917,32.8652614
39.9288115,32.8659389
39.9288674,32.8671457
39.9288707,32.8672394
39.9288738,32.8673325
39.9288756,32.8673885
39.9288772,32.8674446
39.9288791,32.8674984
39.9288808,32.8675525
39.9288899,32.8677509
39.9288916,32.8677904
39.9288946,32.8678600
39.9288978,32.8679293
39.9289025,32.8680369
39.9289202,32.8685552
39.9289571,32.8690151
39.9289972,32.8693149
39.9290832,32.8698129
39.9291920,32.8701983
39.9293163,32.8705843
39.9294635,32.8709446
39.9295655,32.8711372
39.9295876,32.8711786
39.9297425,32.8714545
39.9299509,32.8717578
39.9302434,32.8721125
39.9306762,32.8725753
39.9309603,32.8728543
39.9319600,32.8738523
39.9320258,32.8739182
39.9322864,32.8741775
39.9323963,32.8743076
39.9325132,32.8744505
39.9325314,32.8744727
39.9326295,32.8746291
39.9326652,32.8746859
39.9328501,32.8750180
39.9330451,32.8753947
39.9334120,32.8761025
39.9334658,32.8761944
39.9335603,32.8763555
39.9337755,32.8767223
39.9337785,32.8767283
39.9340128,32.8771824
39.9340806,32.8773115
39.9342000,32.8775393
39.9342719,32.8776628
39.9344344,32.8778946
39.9344955,32.8779820
39.9346866,32.8782289
39.9347696,32.8783361
39.9349997,32.8786463
39.9354108,32.8791787
39.9357507,32.8795453
39.9360484,32.8798420
39.9363289,32.8800839
39.9365469,32.8802633
39.9367873,32.8804526
39.9370600,32.8806420
39.9372196,32.8807456
39.9372749,32.8807828
39.9373302,32.8808199
39.9373315,32.8808211
39.9378720,32.8811501
39.9381156,32.8813055
39.9382881,32.8814170
39.9386496,32.8816943
39.9389263,32.8819257
39.9391859,32.8821720
39.9393724,32.8823664
39.9395405,32.8825629
39.9397261,32.8827986
39.9398772,32.8830124
39.9400720,32.8833281
39.9400769,32.8833362
39.9402155,32.8835683
39.9404537,32.8839264
39.9406217,32.8843157
39.9407605,32.8847004
39.9408337,32.8849244
39.9409135,32.8851558
39.9410518,32.8856696
39.9411517,32.8861222
39.9411546,32.8861353
39.9412235,32.8866318
39.9412679,32.8871612
39.9412865,32.8877827
39.9412742,32.8883943
39.9412434,32.8887642
39.9411908,32.8891545
39.9411285,32.8895138
39.9410370,32.8899236
39.9409176,32.8903509
39.9408083,32.8906857
39.9407062,32.8909505
39.9406446,32.8910989
39.9406392,32.8911206
39.9405011,32.8914418
39.9403468,32.8917640
39.9401352,32.8921608
39.9401141,32.8921948
39.9399157,32.8924837
39.9396523,32.8928406
39.9394280,32.8931168
39.9393560,32.8931945
39.9391457,32.8934213
39.9388311,32.8937051
39.9385687,32.8939288
39.9380557,32.8943664
39.9376521,32.8947091
39.9375653,32.8947757
39.9372482,32.8950188
39.9367159,32.8954442
39.9363556,32.8958082
39.9361596,32.8959739
39.9360688,32.8960725
39.9358539,32.8963295
39.9356624,32.8965886
39.9355208,32.8967972
39.9355043,32.8968217
39.9353524,32.8970682
39.9352088,32.8973455
39.9351002,32.8975688
39.9350364,32.8976971
39.9349834,32.8978186
39.9348779,32.8980601
39.9347418,32.8984471
39.9346722,32.8986453
39.9346070,32.8988633
39.9343409,32.8998426
39.9338990,32.9015649
39.9336065,32.9025535
39.9334191,32.9032244
39.9333980,32.9033162
39.9333621,32.9034673
39.9332871,32.9038196
39.9332712,32.9038932
39.9332433,32.9041428
39.9332155,32.9043920
39.9329466,32.9058788
39.9326596,32.9074658
39.9326316,32.9076142
39.9326033,32.9077625
39.9325800,32.9078798
39.9324388,32.9085222
39.9323101,32.9090197
39.9321558,32.9094820
39.9319838,32.9099048
39.9316359,32.9106866
39.9314352,32.9111895
39.9313097,32.9115227
39.9312680,32.9116331
39.9311728,32.9118862
39.9310286,32.9122883
39.9309676,32.9124431
39.9309066,32.9125977
39.9308870,32.9126380
39.9306878,32.9130988
39.9305368,32.9134020
39.9305145,32.9134467
39.9303576,32.9137355
39.9302354,32.9139400
39.9300835,32.9141719
39.9298711,32.9144574
39.9298493,32.9144830
39.9294498,32.9149559
39.9291208,32.9153449
39.9290084,32.9154798
39.9288959,32.9156146
39.9285939,32.9159729
39.9285518,32.9160240
39.9285097,32.9160751
39.9281118,32.9165504
39.9274966,32.9172856
39.9272859,32.9175941
39.9270523,32.9180189
39.9269147,32.9182859
39.9269136,32.9182879
39.9267475,32.9186601
39.9265932,32.9190689
39.9264877,32.9193992
39.9264447,32.9195497
39.9263818,32.9197695
39.9263736,32.9197984
39.9262795,32.9202190
39.9262593,32.9203093
39.9262036,32.9206260
39.9261921,32.9206965
39.9261701,32.9208563
39.9261383,32.9210872
39.9261372,32.9210952
39.9261151,32.9213198
39.9260695,32.9217850
39.9260466,32.9220175
39.9260236,32.9222502
39.9260143,32.9223452
39.9259576,32.9230013
39.9259138,32.9233888
39.9259051,32.9234655
39.9258753,32.9237289
39.9258299,32.9240550
39.9258145,32.9241589
39.9257611,32.9245206
39.9256558,32.9250621
39.9255706,32.9253738
39.9254762,32.9256988
39.9253713,32.9259884
39.9252868,32.9261874
39.9252026,32.9263790
39.9250990,32.9265900
39.9249838,32.9267974
39.9248264,32.9270685
39.9247340,32.9272239
39.9243791,32.9277756
39.9241526,32.9281394
39.9238634,32.9285958
39.9236059,32.9290362
39.9234138,32.9294130
39.9232879,32.9296833
39.9231764,32.9299592
39.9229976,32.9304273
39.9228439,32.9308335
39.9226312,32.9314605
39.9224244,32.9321298
39.9224227,32.9321351
39.9224162,32.9321580
39.9221107,32.9332419
39.9220510,32.9334502
39.9219516,32.9337968
39.9219091,32.9339256
39.9217598,32.9343439
39.9216947,32.9344802
39.9216864,32.9344985
39.9216011,32.9346721
39.9215920,32.9346900
39.9214713,32.9349260
39.9213346,32.9351930
39.9211756,32.9354542
39.9211268,32.9355342
39.9207282,32.9360793
39.9205874,32.9362680
39.9198659,32.9372260
39.9193774,32.9378961
39.9191804,32.9381936
39.9191237,32.9382856
39.9190208,32.9384782
39.9188832,32.9387258
39.9188114,32.9388592
39.9187470,32.9389791
39.9185676,32.9393450
39.9185018,32.9394900
39.9184479,32.9396120
39.9183938,32.9397341
39.9183898,32.9397457
39.9182395,32.9401312
39.9181543,32.9403645
39.9181508,32.9403743
39.9180227,32.9408011
39.9179963,32.9408892
39.9179060,32.9412422
39.9177066,32.9421460
39.9176570,32.9423712
39.9175336,32.9429307
39.9175037,32.9430993
39.9174715,32.9432643
39.9174393,32.9434292
39.9173098,32.9441124
39.9171804,32.9447954
39.9171197,32.9451152
39.9169733,32.9458778
39.9168882,32.9462897
39.9168359,32.9466548
39.9167924,32.9469718
39.9167675,32.9472413
39.9167586,32.9473295
39.9167355,32.9478187
39.9167317,32.9483570
39.9167526,32.9489019
39.9167802,32.9493054
39.9168322,32.9497585
39.9168650,32.9502127
39.9168725,32.9503181
39.9168936,32.9507110
39.9169113,32.9510743
39.9169161,32.9513245
39.9168894,32.9520700
39.9168349,32.9525571
39.9167640,32.9530847
39.9166917,32.9535013
39.9166241,32.9538308
39.9166128,32.9538860
39.9164732,32.9543345
39.9164316,32.9544387
39.9163534,32.9546677
39.9162832,32.9548596
39.9162674,32.9548990
39.9162542,32.9549352
39.9161337,32.9552600
39.9159286,32.9556800
39.9158934,32.9557449
39.9157895,32.9559364
39.9156401,32.9562116
39.9152818,32.9568576
39.9152186,32.9569781
39.9151951,32.9570250
39.9151855,32.9570410
39.9150577,32.9572888
39.9148402,32.9577612
39.9148081,32.9578393
39.9146867,32.9581350
39.9145685,32.9584668
39.9143044,32.9592038
39.9142319,32.9593959
39.9141802,32.9595049
39.9140674,32.9597722
39.9140306,32.9598674
39.9139472,32.9600779
39.9138408,32.9603693
39.9137701,32.9605800
39.9137390,32.9607234
39.9137310,32.9607557
39.9137294,32.9607630
39.9137218,32.9608121
39.9136904,32.9609748
39.9136602,32.9611921
39.9136228,32.9615033
39.9136125,32.9615877
39.9135839,32.9618902
39.9135794,32.9619686
39.9135691,32.9621455
39.9135578,32.9624151
39.9134882,32.9640486
39.9134612,32.9649086
39.9134284,32.9657193
39.9133800,32.9657160
39.9137020,32.9659920
39.9142627,32.9659013
39.9646110,32.5839820
39.9133800,32.9657160
39.9137020,32.9659920
39.9646110,32.5839820
39.9646110,32.5839820
39.9646725,32.5840193
39.9646656,32.5840385
39.9645510,32.5843694
39.9644420,32.5846875
39.9643227,32.5850383
39.9639152,32.5860218
39.9639007,32.5860526
39.9637997,32.5863205
39.9637913,32.5863374
39.9637355,32.5864950
39.9636621,32.5867058
39.9635621,32.5870175
39.9634821,32.5873022
39.9634376,32.5874685
39.9633845,32.5876644
39.9633049,32.5879703
39.9632189,32.5883242
39.9630725,32.5890413
39.9630088,32.5894506
39.9629744,32.5896534
39.9628415,32.5904027
39.9627387,32.5910767
39.9627355,32.5910995
39.9626502,32.5917595
39.9625842,32.5923249
39.9625201,32.5927462
39.9624965,32.5928965
39.9623913,32.5935710
39.9622671,32.5943844
39.9621413,32.5952034
39.9620651,32.5956862
39.9619707,32.5963292
39.9618829,32.5968475
39.9618578,32.5970459
39.9617030,32.5980078
39.9616675,32.5982269
39.9616239,32.5984963
39.9616128,32.5985591
39.9615916,32.5987056
39.9615784,32.5987765
39.9615561,32.5988960
39.9615423,32.5989826
39.9614885,32.5993229
39.9613954,32.5999549
39.9613169,32.6005087
39.9612750,32.6008047
39.9611360,32.6016921
39.9609810,32.6026294
39.9608413,32.6034919
39.9607668,32.6039546
39.9607096,32.6043108
39.9605819,32.6051643
39.9605177,32.6055646
39.9604219,32.6061618
39.9603380,32.6067142
39.9602738,32.6071373
39.9601040,32.6079748
39.9599323,32.6086704
39.9597344,32.6093731
39.9595375,32.6099690
39.9592339,32.6107800
39.9589077,32.6116494
39.9586843,32.6122535
39.9586413,32.6123698
39.9583508,32.6131615
39.9580788,32.6138675
39.9578164,32.6146345
39.9576946,32.6150509
39.9575121,32.6157663
39.9573553,32.6166751
39.9572658,32.6173903
39.9571976,32.6180856
39.9571752,32.6183597
39.9571524,32.6186368
39.9571003,32.6195177
39.9570552,32.6203242
39.9570014,32.6212163
39.9569418,32.6221930
39.9568819,32.6230370
39.9568684,32.6232274
39.9567942,32.6239910
39.9567431,32.6244330
39.9566646,32.6251117
39.9566622,32.6251290
39.9565759,32.6257525
39.9565655,32.6258213
39.9564864,32.6263466
39.9563672,32.6271062
39.9562555,32.6277652
39.9557191,32.6304679
39.9557110,32.6305086
39.9556023,32.6309908
39.9554169,32.6319272
39.9552671,32.6326239
39.9550991,32.6335126
39.9549119,32.6343783
39.9548143,32.6348829
39.9546200,32.6357763
39.9544370,32.6366528
39.9543238,32.6372779
39.9541139,32.6383430
39.9539126,32.6392826
39.9538335,32.6396798
39.9536644,32.6405290
39.9534958,32.6413741
39.9532181,32.6427260
39.9530521,32.6435581
39.9526608,32.6454778
39.9524240,32.6465689
39.9521289,32.6481378
39.9520202,32.6487054
39.9519134,32.6492650
39.9516765,32.6491894
39.9516498,32.6493348
39.9516180,32.6495083
39.9515532,32.6498599
39.9513780,32.6508341
39.9512619,32.6515118
39.9510587,32.6525356
39.9509055,32.6533007
39.9508620,32.6535090
39.9507333,32.6541233
39.9505562,32.6550231
39.9503309,32.6562767
39.9501939,32.6570652
39.9499905,32.6583176
39.9498534,32.6591286
39.9498204,32.6593219
39.9497033,32.6600087
39.9495882,32.6607267
39.9494169,32.6617885
39.9492998,32.6625356
39.9492788,32.6626698
39.9492228,32.6630075
39.9492067,32.6631050
39.9490465,32.6640697
39.9488494,32.6651496
39.9486902,32.6661837
39.9486766,32.6662644
39.9486151,32.6666276
39.9484698,32.6675652
39.9484471,32.6677047
39.9484119,32.6679209
39.9483380,32.6683385
39.9482909,32.6686207
39.9482277,32.6690009
39.9481792,32.6693066
39.9481427,32.6695390
39.9480937,32.6698514
39.9480238,32.6702255
39.9479906,32.6704040
39.9478752,32.6710193
39.9477588,32.6715236
39.9474852,32.6725072
39.9473308,32.6730483
39.9472441,32.6733446
39.9466391,32.6754152
39.9459175,32.6778908
39.9456329,32.6788202
39.9452183,32.6801735
39.9448578,32.6812649
39.9445508,32.6823052
39.9441671,32.6834504
39.9439153,32.6840844
39.9436142,32.6847143
39.9430484,32.6859107
39.9425086,32.6870729
39.9421642,32.6878026
39.9421151,32.6879068
39.9420091,32.6881714
39.9414753,32.6895022
39.9411765,32.6904980
39.9409381,32.6913304
39.9405767,32.6925209
39.9405559,32.6925879
39.9402310,32.6935332
39.9400849,32.6938935
39.9399652,32.6941805
39.9397908,32.6945671
39.9397152,32.6947345
39.9392887,32.6955396
39.9392461,32.6956200
39.9388339,32.6962629
39.9385674,32.6966359
39.9384590,32.6967726
39.9340849,32.7022834
39.9328051,32.7038142
39.9322775,32.7044858
39.9320817,32.7047430
39.9319493,32.7049169
39.9311604,32.7060408
39.9311186,32.7061013
39.9306941,32.7067175
39.9299982,32.7075854
39.9293964,32.7084112
39.9289839,32.7090483
39.9285870,32.7097458
39.9285546,32.7098025
39.9284863,32.7099401
39.9283883,32.7101367
39.9282904,32.7103334
39.9282084,32.7104981
39.9280994,32.7107310
39.9280057,32.7109312
39.9278083,32.7113531
39.9277347,32.7115393
39.9276522,32.7117476
39.9275697,32.7119562
39.9274874,32.7121645
39.9274597,32.7122343
39.9271326,32.7131608
39.9269600,32.7136827
39.9266775,32.7147420
39.9263940,32.7160210
39.9261809,32.7170234
39.9261329,32.7172494
39.9259095,32.7183006
39.9258367,32.7186255
39.9257398,32.7190678
39.9256288,32.7196081
39.9254900,32.7202288
39.9253846,32.7207032
39.9252797,32.7212316
39.9251379,32.7220222
39.9250461,32.7226783
39.9250023,32.7230414
39.9249663,32.7233898
39.9249334,32.7237974
39.9249140,32.7240455
39.9248972,32.7244841
39.9248828,32.7250593
39.9248722,32.7255171
39.9248730,32.7257849
39.9248768,32.7259745
39.9248831,32.7264745
39.9248946,32.7266861
39.9249403,32.7274063
39.9249650,32.7276942
39.9250089,32.7280664
39.9250500,32.7284147
39.9251288,32.7288939
39.9251993,32.7293421
39.9252994,32.7298774
39.9254139,32.7304283
39.9255381,32.7308922
39.9256862,32.7314601
39.9258509,32.7320094
39.9260179,32.7325479
39.9260202,32.7325545
39.9261850,32.7330304
39.9262923,32.7333359
39.9265992,32.7341933
39.9269751,32.7352686
39.9276150,32.7371138
39.9280266,32.7382810
39.9283073,32.7390730
39.9286282,32.7400022
39.9288353,32.7405612
39.9290850,32.7412591
39.9294549,32.7422944
39.9295503,32.7425708
39.9297768,32.7432277
39.9299932,32.7438473
39.9303643,32.7448998
39.9305747,32.7455050
39.9307774,32.7460869
39.9309109,32.7464945
39.9310521,32.7469786
39.9311704,32.7474345
39.9312387,32.7477194
39.9312827,32.7479231
39.9313449,32.7482370
39.9314051,32.7485855
39.9314604,32.7489283
39.9315019,32.7492632
39.9315354,32.7496123
39.9315562,32.7497839
39.9315646,32.7498531
39.9315929,32.7503133
39.9316174,32.7507443
39.9316276,32.7513490
39.9316159,32.7518882
39.9315875,32.7524593
39.9315679,32.7527817
39.9315157,32.7530526
39.9314763,32.7532756
39.9314468,32.7533882
39.9313811,32.7541705
39.9313540,32.7544443
39.9313003,32.7550288
39.9312368,32.7559044
39.9310942,32.7578540
39.9309984,32.7592529
39.9309951,32.7593045
39.9309848,32.7595046
39.9309802,32.7595828
39.9309754,32.7596612
39.9308867,32.7610658
39.9308814,32.7612984
39.9308623,32.7621555
39.9308929,32.7633414
39.9309806,32.7644855
39.9311560,32.7657931
39.9313653,32.7670343
39.9315490,32.7680079
39.9316289,32.7684447
39.9320900,32.7709660
39.9323462,32.7723378
39.9323548,32.7723806
39.9324926,32.7730216
39.9326639,32.7737252
39.9328233,32.7743116
39.9328474,32.7743907
39.9329796,32.7748270
39.9329882,32.7748552
39.9331956,32.7754718
39.9332204,32.7755455
39.9332710,32.7756847
39.9335084,32.7763385
39.9335450,32.7764391
39.9337321,32.7769720
39.9339841,32.7776929
39.9341427,32.7781461
39.9342948,32.7785810
39.9342959,32.7785841
39.9346620,32.7796261
39.9349810,32.7805359
39.9351600,32.7810450
39.9353661,32.7816299
39.9356021,32.7823019
39.9359340,32.7832530
39.9363655,32.7844862
39.9364840,32.7848250
39.9367642,32.7856232
39.9371640,32.7867630
39.9375340,32.7878130
39.9379560,32.7889951
39.9379697,32.7890314
39.9383651,32.7900848
39.9383790,32.7901218
39.9384407,32.7902977
39.9385156,32.7905110
39.9388149,32.7913643
39.9390491,32.7920318
39.9392096,32.7925014
39.9393849,32.7930542
39.9395177,32.7933389
39.9395318,32.7933769
39.9396312,32.7937045
39.9397937,32.7942634
39.9399324,32.7947847
39.9401140,32.7955570
39.9402412,32.7960468
39.9403097,32.7963436
39.9406650,32.7978829
39.9410467,32.7995644
39.9410694,32.7996688
39.9411753,32.8001172
39.9412426,32.8004022
39.9413622,32.8009084
39.9414143,32.8011329
39.9415703,32.8018067
39.9417261,32.8024805
39.9423676,32.8052512
39.9430567,32.8082508
39.9434510,32.8099189
39.9438424,32.8115835
39.9440429,32.8124380
39.9442081,32.8131413
39.9443850,32.8138630
39.9445106,32.8143756
39.9447801,32.8155276
39.9449545,32.8162469
39.9455243,32.8186899
39.9458024,32.8198606
39.9458669,32.8201805
39.9459472,32.8206386
39.9460188,32.8212707
39.9460376,32.8216354
39.9460447,32.8221253
39.9460189,32.8225592
39.9460095,32.8226922
39.9459544,32.8231836
39.9458804,32.8236067
39.9458173,32.8239061
39.9456510,32.8245326
39.9455138,32.8249370
39.9455075,32.8249552
39.9452553,32.8255873
39.9451099,32.8258981
39.9450523,32.8260201
39.9450343,32.8260584
39.9449587,32.8262186
39.9449500,32.8262381
39.9448402,32.8264488
39.9446201,32.8268451
39.9440174,32.8279361
39.9438029,32.8283243
39.9435015,32.8288971
39.9433350,32.8292135
39.9432975,32.8292794
39.9431253,32.8295825
39.9427866,32.8302019
39.9424943,32.8307189
39.9423604,32.8309762
39.9423169,32.8310518
39.9419723,32.8316483
39.9417385,32.8321105
39.9406698,32.8341691
39.9400260,32.8353714
39.9397594,32.8358744
39.9394760,32.8363997
39.9390263,32.8372516
39.9388608,32.8375522
39.9385362,32.8381637
39.9383034,32.8385961
39.9382808,32.8386381
39.9381185,32.8389139
39.9379151,32.8392130
39.9378585,32.8392836
39.9376676,32.8395230
39.9374960,32.8396878
39.9371421,32.8400269
39.9368040,32.8403449
39.9365915,32.8405900
39.9365469,32.8406460
39.9363827,32.8408420
39.9362758,32.8409777
39.9361701,32.8411295
39.9361028,32.8412343
39.9359358,32.8415159
39.9356806,32.8419560
39.9353494,32.8425407
39.9350171,32.8431406
39.9348701,32.8434227
39.9347792,32.8435969
39.9346569,32.8438315
39.9343054,32.8444950
39.9339872,32.8450628
39.9338552,32.8452748
39.9337066,32.8454938
39.9335772,32.8456864
39.9333761,32.8459965
39.9333281,32.8460616
39.9332475,32.8461711
39.9330864,32.8464063
39.9330457,32.8464867
39.9328914,32.8467657
39.9327899,32.8469382
39.9327306,32.8470358
39.9326744,32.8471234
39.9326038,32.8472168
39.9324836,32.8473662
39.9323813,32.8474740
39.9322054,32.8476604
39.9320893,32.8477748
39.9319935,32.8478903
39.9319430,32.8479461
39.9316372,32.8482831
39.9310232,32.8489564
39.9307326,32.8492794
39.9303337,32.8497703
39.9301078,32.8501236
39.9299774,32.8503771
39.9298512,32.8506293
39.9297508,32.8508647
39.9296182,32.8512224
39.9295335,32.8514840
39.9294563,32.8517538
39.9294460,32.8517900
39.9293888,32.8520622
39.9293666,32.8522077
39.9293308,32.8524445
39.9292961,32.8528044
39.9292790,32.8529801
39.9292590,32.8531985
39.9292520,32.8532670
39.9292245,32.8536014
39.9292153,32.8538695
39.9292096,32.8539864
39.9292040,32.8541030
39.9291669,32.8548050
39.9291348,32.8554115
39.9291282,32.8555602
39.9291008,32.8564978
39.9290934,32.8567467
39.9291053,32.8572100
39.9291318,32.8578409
39.9291475,32.8582119
39.9291593,32.8588173
39.9291575,32.8593520
39.9291533,32.8594666
39.9291432,32.8596024
39.9291331,32.8597384
39.9291283,32.8597996
39.9291235,32.8598607
39.9291162,32.8599470
39.9291090,32.8600328
39.9291043,32.8600705
39.9290680,32.8604305
39.9290202,32.8607883
39.9288726,32.8618160
39.9288313,32.8621327
39.9287948,32.8624953
39.9287658,32.8628482
39.9287484,32.8631786
39.9287419,32.8636362
39.9287524,32.8642473
39.9287693,32.8647212
39.9287917,32.8652614
39.9288115,32.8659389
39.9288674,32.8671457
39.9288707,32.8672394
39.9288738,32.8673325
39.9288756,32.8673885
39.9288772,32.8674446
39.9288791,32.8674984
39.9288808,32.8675525
39.9288899,32.8677509
39.9288916,32.8677904
39.9288946,32.8678600
39.9288978,32.8679293
39.9289025,32.8680369
39.9289202,32.8685552
39.9289571,32.8690151
39.9289972,32.8693149
39.9290832,32.8698129
39.9291920,32.8701983
39.9293163,32.8705843
39.9294635,32.8709446
39.9295655,32.8711372
39.9295876,32.8711786
39.9297425,32.8714545
39.9299509,32.8717578
39.9302434,32.8721125
39.9306762,32.8725753
39.9309603,32.8728543
39.9319600,32.8738523
39.9320258,32.8739182
39.9322864,32.8741775
39.9323963,32.8743076
39.9325132,32.8744505
39.9325314,32.8744727
39.9326295,32.8746291
39.9326652,32.8746859
39.9328501,32.8750180
39.9330451,32.8753947
39.9334120,32.8761025
39.9334658,32.8761944
39.9335603,32.8763555
39.9337755,32.8767223
39.9337785,32.8767283
39.9340128,32.8771824
39.9340806,32.8773115
39.9342000,32.8775393
39.9342719,32.8776628
39.9344344,32.8778946
39.9344955,32.8779820
39.9346866,32.8782289
39.9347696,32.8783361
39.9349997,32.8786463
39.9354108,32.8791787
39.9357507,32.8795453
39.9360484,32.8798420
39.9363289,32.8800839
39.9365469,32.8802633
39.9367873,32.8804526
39.9370600,32.8806420
39.9372196,32.8807456
39.9372749,32.8807828
39.9373302,32.8808199
39.9373315,32.8808211
39.9378720,32.8811501
39.9381156,32.8813055
39.9382881,32.8814170
39.9386496,32.8816943
39.9389263,32.8819257
39.9391859,32.8821720
39.9393724,32.8823664
39.9395405,32.8825629
39.9397261,32.8827986
39.9398772,32.8830124
39.9400720,32.8833281
39.9400769,32.8833362
39.9402155,32.8835683
39.9404537,32.8839264
39.9406217,32.8843157
39.9407605,32.8847004
39.9408337,32.8849244
39.9409135,32.8851558
39.9410518,32.8856696
39.9411517,32.8861222
39.9411546,32.8861353
39.9412235,32.8866318
39.9412679,32.8871612
39.9412865,32.8877827
39.9412742,32.8883943
39.9412434,32.8887642
39.9411908,32.8891545
39.9411285,32.8895138
39.9410370,32.8899236
39.9409176,32.8903509
39.9408083,32.8906857
39.9407062,32.8909505
39.9406446,32.8910989
39.9406392,32.8911206
39.9405011,32.8914418
39.9403468,32.8917640
39.9401352,32.8921608
39.9401141,32.8921948
39.9399157,32.8924837
39.9396523,32.8928406
39.9394280,32.8931168
39.9393560,32.8931945
39.9391457,32.8934213
39.9388311,32.8937051
39.9385687,32.8939288
39.9380557,32.8943664
39.9376521,32.8947091
39.9375653,32.8947757
39.9372482,32.8950188
39.9367159,32.8954442
39.9363556,32.8958082
39.9361596,32.8959739
39.9360688,32.8960725
39.9358539,32.8963295
39.9356624,32.8965886
39.9355208,32.8967972
39.9355043,32.8968217
39.9353524,32.8970682
39.9352088,32.8973455
39.9351002,32.8975688
39.9350364,32.8976971
39.9349834,32.8978186
39.9348779,32.8980601
39.9347418,32.8984471
39.9346722,32.8986453
39.9346070,32.8988633
39.9343409,32.8998426
39.9338990,32.9015649
39.9336065,32.9025535
39.9334191,32.9032244
39.9333980,32.9033162
39.9333621,32.9034673
39.9332871,32.9038196
39.9332712,32.9038932
39.9332433,32.9041428
39.9332155,32.9043920
39.9329466,32.9058788
39.9326596,32.9074658
39.9326316,32.9076142
39.9326033,32.9077625
39.9325800,32.9078798
39.9324388,32.9085222
39.9323101,32.9090197
39.9321558,32.9094820
39.9319838,32.9099048
39.9316359,32.9106866
39.9314352,32.9111895
39.9313097,32.9115227
39.9312680,32.9116331
39.9311728,32.9118862
39.9310286,32.9122883
39.9309676,32.9124431
39.9309066,32.9125977
39.9308870,32.9126380
39.9306878,32.9130988
39.9305368,32.9134020
39.9305145,32.9134467
39.9303576,32.9137355
39.9302354,32.9139400
39.9300835,32.9141719
39.9298711,32.9144574
39.9298493,32.9144830
39.9294498,32.9149559
39.9291208,32.9153449
39.9290084,32.9154798
39.9288959,32.9156146
39.9285939,32.9159729
39.9285518,32.9160240
39.9285097,32.9160751
39.9281118,32.9165504
39.9274966,32.9172856
39.9272859,32.9175941
39.9270523,32.9180189
39.9269147,32.9182859
39.9269136,32.9182879
39.9267475,32.9186601
39.9265932,32.9190689
39.9264877,32.9193992
39.9264447,32.9195497
39.9263818,32.9197695
39.9263736,32.9197984
39.9262795,32.9202190
39.9262593,32.9203093
39.9262036,32.9206260
39.9261921,32.9206965
39.9261701,32.9208563
39.9261383,32.9210872
39.9261372,32.9210952
39.9261151,32.9213198
39.9260695,32.9217850
39.9260466,32.9220175
39.9260236,32.9222502
39.9260143,32.9223452
39.9259576,32.9230013
39.9259138,32.9233888
39.9259051,32.9234655
39.9258753,32.9237289
39.9258299,32.9240550
39.9258145,32.9241589
39.9257611,32.9245206
39.9256558,32.9250621
39.9255706,32.9253738
39.9254762,32.9256988
39.9253713,32.9259884
39.9252868,32.9261874
39.9252026,32.9263790
39.9250990,32.9265900
39.9249838,32.9267974
39.9248264,32.9270685
39.9247340,32.9272239
39.9243791,32.9277756
39.9241526,32.9281394
39.9238634,32.9285958
39.9236059,32.9290362
39.9234138,32.9294130
39.9232879,32.9296833
39.9231764,32.9299592
39.9229976,32.9304273
39.9228439,32.9308335
39.9226312,32.9314605
39.9224244,32.9321298
39.9224227,32.9321351
39.9224162,32.9321580
39.9221107,32.9332419
39.9220510,32.9334502
39.9219516,32.9337968
39.9219091,32.9339256
39.9217598,32.9343439
39.9216947,32.9344802
39.9216864,32.9344985
39.9216011,32.9346721
39.9215920,32.9346900
39.9214713,32.9349260
39.9213346,32.9351930
39.9211756,32.9354542
39.9211268,32.9355342
39.9207282,32.9360793
39.9205874,32.9362680
39.9198659,32.9372260
39.9193774,32.9378961
39.9191804,32.9381936
39.9191237,32.9382856
39.9190208,32.9384782
39.9188832,32.9387258
39.9188114,32.9388592
39.9187470,32.9389791
39.9185676,32.9393450
39.9185018,32.9394900
39.9184479,32.9396120
39.9183938,32.9397341
39.9183898,32.9397457
39.9182395,32.9401312
39.9181543,32.9403645
39.9181508,32.9403743
39.9180227,32.9408011
39.9179963,32.9408892
39.9179060,32.9412422
39.9177066,32.9421460
39.9176570,32.9423712
39.9175336,32.9429307
39.9175037,32.9430993
39.9174715,32.9432643
39.9174393,32.9434292
39.9173098,32.9441124
39.9171804,32.9447954
39.9171197,32.9451152
39.9169733,32.9458778
39.9168882,32.9462897
39.9168359,32.9466548
39.9167924,32.9469718
39.9167675,32.9472413
39.9167586,32.9473295
39.9167355,32.9478187
39.9167317,32.9483570
39.9167526,32.9489019
39.9167802,32.9493054
39.9168322,32.9497585
39.9168650,32.9502127
39.9168725,32.9503181
39.9168936,32.9507110
39.9169113,32.9510743
39.9169161,32.9513245
39.9168894,32.9520700
39.9168349,32.9525571
39.9167640,32.9530847
39.9166917,32.9535013
39.9166241,32.9538308
39.9166128,32.9538860
39.9164732,32.9543345
39.9164316,32.9544387
39.9163534,32.9546677
39.9162832,32.9548596
39.9162674,32.9548990
39.9162542,32.9549352
39.9161337,32.9552600
39.9159286,32.9556800
39.9158934,32.9557449
39.9157895,32.9559364
39.9156401,32.9562116
39.9152818,32.9568576
39.9152186,32.9569781
39.9151951,32.9570250
39.9151855,32.9570410
39.9150577,32.9572888
39.9148402,32.9577612
39.9148081,32.9578393
39.9146867,32.9581350
39.9145685,32.9584668
39.9143044,32.9592038
39.9142319,32.9593959
39.9141802,32.9595049
39.9140674,32.9597722
39.9140306,32.9598674
39.9139472,32.9600779
39.9138408,32.9603693
39.9137701,32.9605800
39.9137390,32.9607234
39.9137310,32.9607557
39.9137294,32.9607630
39.9137218,32.9608121
39.9136904,32.9609748
39.9136602,32.9611921
39.9136228,32.9615033
39.9136125,32.9615877
39.9135839,32.9618902
39.9135794,32.9619686
39.9135691,32.9621455
39.9135578,32.9624151
39.9134882,32.9640486
39.9134612,32.9649086
39.9134284,32.9657193
39.9133800,32.9657160
39.9137020,32.9659920
39.9142627,32.9659013
39.9645880,32.5839570
39.9351120,32.8435260
39.9352210,32.8437340
39.9133800,32.9657160
39.9137020,32.9659920
39.9645880,32.5839570
39.9645880,32.5839570
39.9646060,32.5839720
39.9644920,32.5843101
39.9642841,32.5849170
39.9640991,32.5854289
39.9639070,32.5859701
39.9637309,32.5865511
39.9635740,32.5870649
39.9634671,32.5874409
39.9633850,32.5877280
39.9632980,32.5880719
39.9632170,32.5884321
39.9631530,32.5887240
39.9630810,32.5891050
39.9629720,32.5897490
39.9628650,32.5904240
39.9627551,32.5911569
39.9626819,32.5916061
39.9626090,32.5921159
39.9624950,32.5928260
39.9623780,32.5936150
39.9622880,32.5941759
39.9622070,32.5946830
39.9620990,32.5953870
39.9619791,32.5961439
39.9618900,32.5967261
39.9618120,32.5972411
39.9617030,32.5979350
39.9616051,32.5986239
39.9615040,32.5993400
39.9614101,32.5999469
39.9612989,32.6006671
39.9611990,32.6013130
39.9611060,32.6019081
39.9610220,32.6024650
39.9609310,32.6030129
39.9608361,32.6036309
39.9607489,32.6041751
39.9606790,32.6046329
39.9605951,32.6051869
39.9605130,32.6057300
39.9604551,32.6060809
39.9603999,32.6064391
39.9603320,32.6069030
39.9602699,32.6072541
39.9602099,32.6075870
39.9601380,32.6079271
39.9600579,32.6082700
39.9599690,32.6086120
39.9599081,32.6088419
39.9598081,32.6091880
39.9596970,32.6095349
39.9595650,32.6099339
39.9593229,32.6105940
39.9591190,32.6111421
39.9590100,32.6114429
39.9589100,32.6117160
39.9586659,32.6123431
39.9584480,32.6129581
39.9581710,32.6136819
39.9579241,32.6143520
39.9577810,32.6147910
39.9576250,32.6153430
39.9575331,32.6157360
39.9574400,32.6161679
39.9573700,32.6165529
39.9573261,32.6168460
39.9572770,32.6172071
39.9572410,32.6174979
39.9571970,32.6179940
39.9571540,32.6186501
39.9571161,32.6192500
39.9570730,32.6199300
39.9570270,32.6206771
39.9569920,32.6212650
39.9569471,32.6219009
39.9569049,32.6225901
39.9568450,32.6233609
39.9567989,32.6238981
39.9567260,32.6245749
39.9566690,32.6251679
39.9566280,32.6255760
39.9565680,32.6261259
39.9564919,32.6268940
39.9564381,32.6273459
39.9563739,32.6278580
39.9562440,32.6285820
39.9560669,32.6294061
39.9558360,32.6305489
39.9558360,32.6305510
39.9558000,32.6307269
39.9556729,32.6314331
39.9555370,32.6320619
39.9554490,32.6324900
39.9553739,32.6328150
39.9552210,32.6334110
39.9551020,32.6338800
39.9549619,32.6343979
39.9548081,32.6349980
39.9547010,32.6353800
39.9545880,32.6358089
39.9544839,32.6361920
39.9544051,32.6365180
39.9543040,32.6369750
39.9542109,32.6374360
39.9540810,32.6380671
39.9539810,32.6385729
39.9538810,32.6390750
39.9537500,32.6397079
39.9536130,32.6404269
39.9534720,32.6411309
39.9533359,32.6417870
39.9531730,32.6426300
39.9530619,32.6431970
39.9529399,32.6438041
39.9528391,32.6443409
39.9526950,32.6450640
39.9525799,32.6456600
39.9524620,32.6462890
39.9523380,32.6469089
39.9522240,32.6475199
39.9520439,32.6484131
39.9519381,32.6489680
39.9517840,32.6497459
39.9516520,32.6504369
39.9515530,32.6509950
39.9514510,32.6515130
39.9513960,32.6517149
39.9513400,32.6519031
39.9512400,32.6522340
39.9510910,32.6528810
39.9509800,32.6534640
39.9508880,32.6539789
39.9507750,32.6545790
39.9506761,32.6551139
39.9505410,32.6558580
39.9504220,32.6564910
39.9503050,32.6571459
39.9501611,32.6579500
39.9500369,32.6586240
39.9499220,32.6592410
39.9497800,32.6600280
39.9496450,32.6608260
39.9495341,32.6614840
39.9494530,32.6619930
39.9493649,32.6625041
39.9492640,32.6631170
39.9491820,32.6636610
39.9490760,32.6642680
39.9489859,32.6648780
39.9488940,32.6654660
39.9488131,32.6660470
39.9487390,32.6665310
39.9486480,32.6671189
39.9485539,32.6676971
39.9484550,32.6682929
39.9483700,32.6688269
39.9482930,32.6692940
39.9482151,32.6697730
39.9481399,32.6702011
39.9480660,32.6706080
39.9479791,32.6710450
39.9478400,32.6716311
39.9477329,32.6720700
39.9476180,32.6724871
39.9474560,32.6730440
39.9472860,32.6736310
39.9471600,32.6740620
39.9470190,32.6745591
39.9468579,32.6750901
39.9466370,32.6758380
39.9464700,32.6764110
39.9463240,32.6769139
39.9461719,32.6774391
39.9460050,32.6779980
39.9458190,32.6786380
39.9456510,32.6792070
39.9454441,32.6798970
39.9452730,32.6804969
39.9451321,32.6809700
39.9449279,32.6816601
39.9448170,32.6820269
39.9446849,32.6824531
39.9444861,32.6830170
39.9443349,32.6834230
39.9440970,32.6839989
39.9438490,32.6845470
39.9436231,32.6850279
39.9434171,32.6854510
39.9432300,32.6858430
39.9430191,32.6862960
39.9428079,32.6867251
39.9425360,32.6872839
39.9423030,32.6877951
39.9421300,32.6882121
39.9419520,32.6886609
39.9418680,32.6888969
39.9417910,32.6891190
39.9416100,32.6896509
39.9413400,32.6904709
39.9411071,32.6911720
39.9408970,32.6917971
39.9407490,32.6922490
39.9406080,32.6926781
39.9404380,32.6931400
39.9403291,32.6934439
39.9402090,32.6937430
39.9400760,32.6940479
39.9399360,32.6943670
39.9398010,32.6946480
39.9396290,32.6949881
39.9395100,32.6952159
39.9392680,32.6956320
39.9390760,32.6959551
39.9389039,32.6962360
39.9387970,32.6963960
39.9386950,32.6965420
39.9384860,32.6968279
39.9382210,32.6971870
39.9379719,32.6975010
39.9376170,32.6979420
39.9373650,32.6982620
39.9371151,32.6985819
39.9367830,32.6989999
39.9366029,32.6992311
39.9363260,32.6995680
39.9360640,32.6999030
39.9358100,32.7002110
39.9356290,32.7004430
39.9354219,32.7007031
39.9350430,32.7011750
39.9347520,32.7015359
39.9344619,32.7018941
39.9341610,32.7022740
39.9338570,32.7026540
39.9335459,32.7030441
39.9332820,32.7033740
39.9329770,32.7037490
39.9326610,32.7041451
39.9323510,32.7045399
39.9322780,32.7046330
39.9319560,32.7050339
39.9315180,32.7055710
39.9311740,32.7060070
39.9308650,32.7063910
39.9306130,32.7067051
39.9303560,32.7070299
39.9301291,32.7073179
39.9298960,32.7076359
39.9296100,32.7080399
39.9292980,32.7085170
39.9290990,32.7088289
39.9288710,32.7092200
39.9286031,32.7096960
39.9284370,32.7100100
39.9282740,32.7103370
39.9280050,32.7108980
39.9278360,32.7112730
39.9276539,32.7117200
39.9275240,32.7120230
39.9274061,32.7123489
39.9273010,32.7126290
39.9271901,32.7129580
39.9270370,32.7134269
39.9269199,32.7138240
39.9268290,32.7141651
39.9267010,32.7146419
39.9265811,32.7151639
39.9264449,32.7157390
39.9263199,32.7163331
39.9261970,32.7168920
39.9261410,32.7171360
39.9260559,32.7175120
39.9259480,32.7180120
39.9258340,32.7184990
39.9257370,32.7189960
39.9256300,32.7194559
39.9255560,32.7197959
39.9254430,32.7202990
39.9253630,32.7207060
39.9252680,32.7211630
39.9252040,32.7214870
39.9251350,32.7218990
39.9250771,32.7222919
39.9250090,32.7228680
39.9249571,32.7233700
39.9249149,32.7237681
39.9248900,32.7242930
39.9248660,32.7247231
39.9248520,32.7251951
39.9248510,32.7256360
39.9248589,32.7261370
39.9248760,32.7266089
39.9249110,32.7272489
39.9249769,32.7279520
39.9250711,32.7287060
39.9251550,32.7292719
39.9252651,32.7298869
39.9253990,32.7305439
39.9255550,32.7311799
39.9256920,32.7316970
39.9258209,32.7321290
39.9259761,32.7326380
39.9262570,32.7334239
39.9265280,32.7342090
39.9267650,32.7348780
39.9270100,32.7355760
39.9272830,32.7363690
39.9275440,32.7371150
39.9278220,32.7379100
39.9280501,32.7385599
39.9282970,32.7392479
39.9284880,32.7398060
39.9287320,32.7404960
39.9289490,32.7410941
39.9291871,32.7417689
39.9294480,32.7424931
39.9296960,32.7431979
39.9299590,32.7439560
39.9301360,32.7444680
39.9303510,32.7450921
39.9305500,32.7456591
39.9307130,32.7461990
39.9308400,32.7466409
39.9309820,32.7472050
39.9311060,32.7477609
39.9312330,32.7484199
39.9313450,32.7491490
39.9314020,32.7496190
39.9314460,32.7500800
39.9314820,32.7504359
39.9315110,32.7510951
39.9315260,32.7516360
39.9315160,32.7524650
39.9315030,32.7528201
39.9314850,32.7531429
39.9314549,32.7536890
39.9314080,32.7542959
39.9313580,32.7550489
39.9313080,32.7557130
39.9312670,32.7562981
39.9312210,32.7569420
39.9311830,32.7575150
39.9311410,32.7581031
39.9310980,32.7587020
39.9310650,32.7593000
39.9310280,32.7598300
39.9309840,32.7603280
39.9309490,32.7608810
39.9309190,32.7613141
39.9308869,32.7618980
39.9308769,32.7625261
39.9308811,32.7630790
39.9308950,32.7636500
39.9309250,32.7641050
39.9309770,32.7646639
39.9310150,32.7650691
39.9310910,32.7656050
39.9311931,32.7662209
39.9313130,32.7668889
39.9314311,32.7675600
39.9315710,32.7683100
39.9316810,32.7689540
39.9317810,32.7694701
39.9318780,32.7699951
39.9319801,32.7705109
39.9320579,32.7708730
39.9321299,32.7712070
39.9322080,32.7715601
39.9323411,32.7721180
39.9325630,32.7729869
39.9327590,32.7737741
39.9329410,32.7744809
39.9331110,32.7751520
39.9332250,32.7755800
39.9333439,32.7759820
39.9335611,32.7766349
39.9338670,32.7775610
39.9341450,32.7783200
39.9344140,32.7790890
39.9347009,32.7798951
39.9349440,32.7805990
39.9351581,32.7812219
39.9353980,32.7819039
39.9355850,32.7824220
39.9358180,32.7830980
39.9360350,32.7837230
39.9362689,32.7843821
39.9365449,32.7851620
39.9368050,32.7859120
39.9370230,32.7865220
39.9372610,32.7872080
39.9375389,32.7879910
39.9378070,32.7887600
39.9382460,32.7900970
39.9384639,32.7906920
39.9387020,32.7913490
39.9390040,32.7922009
39.9392830,32.7929340
39.9395570,32.7937330
39.9397991,32.7945169
39.9400110,32.7953740
39.9401689,32.7960251
39.9403200,32.7966949
39.9405000,32.7974779
39.9406550,32.7981330
39.9408459,32.7989650
39.9409979,32.7996161
39.9411480,32.8002809
39.9413631,32.8011240
39.9414980,32.8017690
39.9417070,32.8026820
39.9418840,32.8034520
39.9420640,32.8042089
39.9422590,32.8050440
39.9424330,32.8057949
39.9426320,32.8066369
39.9428190,32.8074271
39.9430009,32.8082120
39.9431630,32.8089340
39.9432941,32.8095210
39.9434320,32.8101330
39.9435830,32.8107870
39.9438090,32.8117520
39.9439870,32.8125141
39.9441790,32.8133079
39.9443490,32.8140670
39.9444990,32.8146831
39.9446430,32.8152679
39.9448390,32.8160399
39.9450060,32.8167110
39.9451760,32.8174090
39.9453569,32.8181410
39.9455410,32.8188870
39.9457260,32.8196240
39.9458530,32.8201529
39.9459350,32.8205919
39.9460020,32.8211359
39.9460289,32.8214940
39.9460370,32.8218320
39.9460349,32.8221221
39.9460200,32.8224839
39.9459820,32.8228790
39.9459370,32.8232270
39.9458930,32.8234861
39.9458469,32.8237360
39.9457890,32.8239800
39.9457080,32.8242890
39.9456140,32.8245749
39.9455130,32.8248660
39.9454000,32.8251509
39.9451899,32.8256151
39.9449480,32.8261281
39.9447980,32.8264421
39.9446439,32.8267690
39.9444370,32.8271890
39.9442510,32.8275461
39.9440330,32.8279701
39.9438129,32.8283770
39.9434811,32.8289880
39.9433000,32.8293040
39.9430510,32.8297519
39.9427980,32.8302190
39.9426079,32.8305681
39.9423541,32.8310199
39.9420951,32.8315080
39.9418020,32.8320280
39.9415590,32.8324761
39.9413160,32.8329090
39.9410819,32.8333350
39.9407960,32.8338551
39.9405490,32.8342930
39.9403269,32.8347101
39.9400600,32.8352089
39.9397730,32.8357441
39.9395359,32.8361890
39.9392820,32.8366700
39.9390350,32.8371390
39.9388041,32.8375570
39.9385590,32.8380260
39.9383260,32.8384600
39.9381259,32.8388330
39.9379600,32.8391480
39.9378420,32.8393420
39.9377200,32.8395170
39.9376150,32.8396490
39.9375320,32.8397420
39.9374180,32.8398520
39.9372910,32.8399790
39.9371950,32.8400840
39.9371021,32.8401880
39.9369530,32.8403819
39.9368189,32.8405740
39.9365930,32.8409090
39.9365060,32.8410389
39.9364000,32.8412130
39.9361280,32.8417350
39.9359029,32.8421621
39.9356320,32.8426450
39.9353260,32.8432080
39.9351383,32.8435506
39.9351120,32.8435260
39.9352210,32.8437340
39.9348701,32.8434227
39.9347792,32.8435969
39.9346569,32.8438315
39.9343054,32.8444950
39.9339872,32.8450628
39.9338552,32.8452748
39.9337066,32.8454938
39.9335772,32.8456864
39.9333761,32.8459965
39.9333281,32.8460616
39.9332475,32.8461711
39.9330864,32.8464063
39.9330457,32.8464867
39.9328914,32.8467657
39.9327899,32.8469382
39.9327306,32.8470358
39.9326744,32.8471234
39.9326038,32.8472168
39.9324836,32.8473662
39.9323813,32.8474740
39.9322054,32.8476604
39.9320893,32.8477748
39.9319935,32.8478903
39.9319430,32.8479461
39.9316372,32.8482831
39.9310232,32.8489564
39.9307326,32.8492794
39.9303337,32.8497703
39.9301078,32.8501236
39.9299774,32.8503771
39.9298512,32.8506293
39.9297508,32.8508647
39.9296182,32.8512224
39.9295335,32.8514840
39.9294563,32.8517538
39.9294460,32.8517900
39.9293888,32.8520622
39.9293666,32.8522077
39.9293308,32.8524445
39.9292961,32.8528044
39.9292790,32.8529801
39.9292590,32.8531985
39.9292520,32.8532670
39.9292245,32.8536014
39.9292153,32.8538695
39.9292096,32.8539864
39.9292040,32.8541030
39.9291669,32.8548050
39.9291348,32.8554115
39.9291282,32.8555602
39.9291008,32.8564978
39.9290934,32.8567467
39.9291053,32.8572100
39.9291318,32.8578409
39.9291475,32.8582119
39.9291593,32.8588173
39.9291575,32.8593520
39.9291533,32.8594666
39.9291432,32.8596024
39.9291331,32.8597384
39.9291283,32.8597996
39.9291235,32.8598607
39.9291162,32.8599470
39.9291090,32.8600328
39.9291043,32.8600705
39.9290680,32.8604305
39.9290202,32.8607883
39.9288726,32.8618160
39.9288313,32.8621327
39.9287948,32.8624953
39.9287658,32.8628482
39.9287484,32.8631786
39.9287419,32.8636362
39.9287524,32.8642473
39.9287693,32.8647212
39.9287917,32.8652614
39.9288115,32.8659389
39.9288674,32.8671457
39.9288707,32.8672394
39.9288738,32.8673325
39.9288756,32.8673885
39.9288772,32.8674446
39.9288791,32.8674984
39.9288808,32.8675525
39.9288899,32.8677509
39.9288916,32.8677904
39.9288946,32.8678600
39.9288978,32.8679293
39.9289025,32.8680369
39.9289202,32.8685552
39.9289571,32.8690151
39.9289972,32.8693149
39.9290832,32.8698129
39.9291920,32.8701983
39.9293163,32.8705843
39.9294635,32.8709446
39.9295655,32.8711372
39.9295876,32.8711786
39.9297425,32.8714545
39.9299509,32.8717578
39.9302434,32.8721125
39.9306762,32.8725753
39.9309603,32.8728543
39.9319600,32.8738523
39.9320258,32.8739182
39.9322864,32.8741775
39.9323963,32.8743076
39.9325132,32.8744505
39.9325314,32.8744727
39.9326295,32.8746291
39.9326652,32.8746859
39.9328501,32.8750180
39.9330451,32.8753947
39.9334120,32.8761025
39.9334658,32.8761944
39.9335603,32.8763555
39.9337755,32.8767223
39.9337785,32.8767283
39.9340128,32.8771824
39.9340806,32.8773115
39.9342000,32.8775393
39.9342719,32.8776628
39.9344344,32.8778946
39.9344955,32.8779820
39.9346866,32.8782289
39.9347696,32.8783361
39.9349997,32.8786463
39.9354108,32.8791787
39.9357507,32.8795453
39.9360484,32.8798420
39.9363289,32.8800839
39.9365469,32.8802633
39.9367873,32.8804526
39.9370600,32.8806420
39.9372196,32.8807456
39.9372749,32.8807828
39.9373302,32.8808199
39.9373315,32.8808211
39.9378720,32.8811501
39.9381156,32.8813055
39.9382881,32.8814170
39.9386496,32.8816943
39.9389263,32.8819257
39.9391859,32.8821720
39.9393724,32.8823664
39.9395405,32.8825629
39.9397261,32.8827986
39.9398772,32.8830124
39.9400720,32.8833281
39.9400769,32.8833362
39.9402155,32.8835683
39.9404537,32.8839264
39.9406217,32.8843157
39.9407605,32.8847004
39.9408337,32.8849244
39.9409135,32.8851558
39.9410518,32.8856696
39.9411517,32.8861222
39.9411546,32.8861353
39.9412235,32.8866318
39.9412679,32.8871612
39.9412865,32.8877827
39.9412742,32.8883943
39.9412434,32.8887642
39.9411908,32.8891545
39.9411285,32.8895138
39.9410370,32.8899236
39.9409176,32.8903509
39.9408083,32.8906857
39.9407062,32.8909505
39.9406446,32.8910989
39.9406392,32.8911206
39.9405011,32.8914418
39.9403468,32.8917640
39.9401352,32.8921608
39.9401141,32.8921948
39.9399157,32.8924837
39.9396523,32.8928406
39.9394280,32.8931168
39.9393560,32.8931945
39.9391457,32.8934213
39.9388311,32.8937051
39.9385687,32.8939288
39.9380557,32.8943664
39.9376521,32.8947091
39.9375653,32.8947757
39.9372482,32.8950188
39.9367159,32.8954442
39.9363556,32.8958082
39.9361596,32.8959739
39.9360688,32.8960725
39.9358539,32.8963295
39.9356624,32.8965886
39.9355208,32.8967972
39.9355043,32.8968217
39.9353524,32.8970682
39.9352088,32.8973455
39.9351002,32.8975688
39.9350364,32.8976971
39.9349834,32.8978186
39.9348779,32.8980601
39.9347418,32.8984471
39.9346722,32.8986453
39.9346070,32.8988633
39.9343409,32.8998426
39.9338990,32.9015649
39.9336065,32.9025535
39.9334191,32.9032244
39.9333980,32.9033162
39.9333621,32.9034673
39.9332871,32.9038196
39.9332712,32.9038932
39.9332433,32.9041428
39.9332155,32.9043920
39.9329466,32.9058788
39.9326596,32.9074658
39.9326316,32.9076142
39.9326033,32.9077625
39.9325800,32.9078798
39.9324388,32.9085222
39.9323101,32.9090197
39.9321558,32.9094820
39.9319838,32.9099048
39.9316359,32.9106866
39.9314352,32.9111895
39.9313097,32.9115227
39.9312680,32.9116331
39.9311728,32.9118862
39.9310286,32.9122883
39.9309676,32.9124431
39.9309066,32.9125977
39.9308870,32.9126380
39.9306878,32.9130988
39.9305368,32.9134020
39.9305145,32.9134467
39.9303576,32.9137355
39.9302354,32.9139400
39.9300835,32.9141719
39.9298711,32.9144574
39.9298493,32.9144830
39.9294498,32.9149559
39.9291208,32.9153449
39.9290084,32.9154798
39.9288959,32.9156146
39.9285939,32.9159729
39.9285518,32.9160240
39.9285097,32.9160751
39.9281118,32.9165504
39.9274966,32.9172856
39.9272859,32.9175941
39.9270523,32.9180189
39.9269147,32.9182859
39.9269136,32.9182879
39.9267475,32.9186601
39.9265932,32.9190689
39.9264877,32.9193992
39.9264447,32.9195497
39.9263818,32.9197695
39.9263736,32.9197984
39.9262795,32.9202190
39.9262593,32.9203093
39.9262036,32.9206260
39.9261921,32.9206965
39.9261701,32.9208563
39.9261383,32.9210872
39.9261372,32.9210952
39.9261151,32.9213198
39.9260695,32.9217850
39.9260466,32.9220175
39.9260236,32.9222502
39.9260143,32.9223452
39.9259576,32.9230013
39.9259138,32.9233888
39.9259051,32.9234655
39.9258753,32.9237289
39.9258299,32.9240550
39.9258145,32.9241589
39.9257611,32.9245206
39.9256558,32.9250621
39.9255706,32.9253738
39.9254762,32.9256988
39.9253713,32.9259884
39.9252868,32.9261874
39.9252026,32.9263790
39.9250990,32.9265900
39.9249838,32.9267974
39.9248264,32.9270685
39.9247340,32.9272239
39.9243791,32.9277756
39.9241526,32.9281394
39.9238634,32.9285958
39.9236059,32.9290362
39.9234138,32.9294130
39.9232879,32.9296833
39.9231764,32.9299592
39.9229976,32.9304273
39.9228439,32.9308335
39.9226312,32.9314605
39.9224244,32.9321298
39.9224227,32.9321351
39.9224162,32.9321580
39.9221107,32.9332419
39.9220510,32.9334502
39.9219516,32.9337968
39.9219091,32.9339256
39.9217598,32.9343439
39.9216947,32.9344802
39.9216864,32.9344985
39.9216011,32.9346721
39.9215920,32.9346900
39.9214713,32.9349260
39.9213346,32.9351930
39.9211756,32.9354542
39.9211268,32.9355342
39.9207282,32.9360793
39.9205874,32.9362680
39.9198659,32.9372260
39.9193774,32.9378961
39.9191804,32.9381936
39.9191237,32.9382856
39.9190208,32.9384782
39.9188832,32.9387258
39.9188114,32.9388592
39.9187470,32.9389791
39.9185676,32.9393450
39.9185018,32.9394900
39.9184479,32.9396120
39.9183938,32.9397341
39.9183898,32.9397457
39.9182395,32.9401312
39.9181543,32.9403645
39.9181508,32.9403743
39.9180227,32.9408011
39.9179963,32.9408892
39.9179060,32.9412422
39.9177066,32.9421460
39.9176570,32.9423712
39.9175336,32.9429307
39.9175037,32.9430993
39.9174715,32.9432643
39.9174393,32.9434292
39.9173098,32.9441124
39.9171804,32.9447954
39.9171197,32.9451152
39.9169733,32.9458778
39.9168882,32.9462897
39.9168359,32.9466548
39.9167924,32.9469718
39.9167675,32.9472413
39.9167586,32.9473295
39.9167355,32.9478187
39.9167317,32.9483570
39.9167526,32.9489019
39.9167802,32.9493054
39.9168322,32.9497585
39.9168650,32.9502127
39.9168725,32.9503181
39.9168936,32.9507110
39.9169113,32.9510743
39.9169161,32.9513245
39.9168894,32.9520700
39.9168349,32.9525571
39.9167640,32.9530847
39.9166917,32.9535013
39.9166241,32.9538308
39.9166128,32.9538860
39.9164732,32.9543345
39.9164316,32.9544387
39.9163534,32.9546677
39.9162832,32.9548596
39.9162674,32.9548990
39.9162542,32.9549352
39.9161337,32.9552600
39.9159286,32.9556800
39.9158934,32.9557449
39.9157895,32.9559364
39.9156401,32.9562116
39.9152818,32.9568576
39.9152186,32.9569781
39.9151951,32.9570250
39.9151855,32.9570410
39.9150577,32.9572888
39.9148402,32.9577612
39.9148081,32.9578393
39.9146867,32.9581350
39.9145685,32.9584668
39.9143044,32.9592038
39.9142319,32.9593959
39.9141802,32.9595049
39.9140674,32.9597722
39.9140306,32.9598674
39.9139472,32.9600779
39.9138408,32.9603693
39.9137701,32.9605800
39.9137390,32.9607234
39.9137310,32.9607557
39.9137294,32.9607630
39.9137218,32.9608121
39.9136904,32.9609748
39.9136602,32.9611921
39.9136228,32.9615033
39.9136125,32.9615877
39.9135839,32.9618902
39.9135794,32.9619686
39.9135691,32.9621455
39.9135578,32.9624151
39.9134882,32.9640486
39.9134612,32.9649086
39.9134284,32.9657193
39.9133800,32.9657160
39.9137020,32.9659920
39.9142627,32.9659013
39.9645880,32.5839570
39.9351120,32.8435260
39.9352210,32.8437340
39.9133800,32.9657160
39.9137020,32.9659920
39.9645880,32.5839570
39.9645880,32.5839570
39.9646060,32.5839720
39.9644920,32.5843101
39.9642841,32.5849170
39.9640991,32.5854289
39.9639070,32.5859701
39.9637309,32.5865511
39.9635740,32.5870649
39.9634671,32.5874409
39.9633850,32.5877280
39.9632980,32.5880719
39.9632170,32.5884321
39.9631530,32.5887240
39.9630810,32.5891050
39.9629720,32.5897490
39.9628650,32.5904240
39.9627551,32.5911569
39.9626819,32.5916061
39.9626090,32.5921159
39.9624950,32.5928260
39.9623780,32.5936150
39.9622880,32.5941759
39.9622070,32.5946830
39.9620990,32.5953870
39.9619791,32.5961439
39.9618900,32.5967261
39.9618120,32.5972411
39.9617030,32.5979350
39.9616051,32.5986239
39.9615040,32.5993400
39.9614101,32.5999469
39.9612989,32.6006671
39.9611990,32.6013130
39.9611060,32.6019081
39.9610220,32.6024650
39.9609310,32.6030129
39.9608361,32.6036309
39.9607489,32.6041751
39.9606790,32.6046329
39.9605951,32.6051869
39.9605130,32.6057300
39.9604551,32.6060809
39.9603999,32.6064391
39.9603320,32.6069030
39.9602699,32.6072541
39.9602099,32.6075870
39.9601380,32.6079271
39.9600579,32.6082700
39.9599690,32.6086120
39.9599081,32.6088419
39.9598081,32.6091880
39.9596970,32.6095349
39.9595650,32.6099339
39.9593229,32.6105940
39.9591190,32.6111421
39.9590100,32.6114429
39.9589100,32.6117160
39.9586659,32.6123431
39.9584480,32.6129581
39.9581710,32.6136819
39.9579241,32.6143520
39.9577810,32.6147910
39.9576250,32.6153430
39.9575331,32.6157360
39.9574400,32.6161679
39.9573700,32.6165529
39.9573261,32.6168460
39.9572770,32.6172071
39.9572410,32.6174979
39.9571970,32.6179940
39.9571540,32.6186501
39.9571161,32.6192500
39.9570730,32.6199300
39.9570270,32.6206771
39.9569920,32.6212650
39.9569471,32.6219009
39.9569049,32.6225901
39.9568450,32.6233609
39.9567989,32.6238981
39.9567260,32.6245749
39.9566690,32.6251679
39.9566280,32.6255760
39.9565680,32.6261259
39.9564919,32.6268940
39.9564381,32.6273459
39.9563739,32.6278580
39.9562440,32.6285820
39.9560669,32.6294061
39.9558360,32.6305489
39.9558360,32.6305510
39.9558000,32.6307269
39.9556729,32.6314331
39.9555370,32.6320619
39.9554490,32.6324900
39.9553739,32.6328150
39.9552210,32.6334110
39.9551020,32.6338800
39.9549619,32.6343979
39.9548081,32.6349980
39.9547010,32.6353800
39.9545880,32.6358089
39.9544839,32.6361920
39.9544051,32.6365180
39.9543040,32.6369750
39.9542109,32.6374360
39.9540810,32.6380671
39.9539810,32.6385729
39.9538810,32.6390750
39.9537500,32.6397079
39.9536130,32.6404269
39.9534720,32.6411309
39.9533359,32.6417870
39.9531730,32.6426300
39.9530619,32.6431970
39.9529399,32.6438041
39.9528391,32.6443409
39.9526950,32.6450640
39.9525799,32.6456600
39.9524620,32.6462890
39.9523380,32.6469089
39.9522240,32.6475199
39.9520439,32.6484131
39.9519381,32.6489680
39.9517840,32.6497459
39.9516520,32.6504369
39.9515530,32.6509950
39.9514510,32.6515130
39.9513960,32.6517149
39.9513400,32.6519031
39.9512400,32.6522340
39.9510910,32.6528810
39.9509800,32.6534640
39.9508880,32.6539789
39.9507750,32.6545790
39.9506761,32.6551139
39.9505410,32.6558580
39.9504220,32.6564910
39.9503050,32.6571459
39.9501611,32.6579500
39.9500369,32.6586240
39.9499220,32.6592410
39.9497800,32.6600280
39.9496450,32.6608260
39.9495341,32.6614840
39.9494530,32.6619930
39.9493649,32.6625041
39.9492640,32.6631170
39.9491820,32.6636610
39.9490760,32.6642680
39.9489859,32.6648780
39.9488940,32.6654660
39.9488131,32.6660470
39.9487390,32.6665310
39.9486480,32.6671189
39.9485539,32.6676971
39.9484550,32.6682929
39.9483700,32.6688269
39.9482930,32.6692940
39.9482151,32.6697730
39.9481399,32.6702011
39.9480660,32.6706080
39.9479791,32.6710450
39.9478400,32.6716311
39.9477329,32.6720700
39.9476180,32.6724871
39.9474560,32.6730440
39.9472860,32.6736310
39.9471600,32.6740620
39.9470190,32.6745591
39.9468579,32.6750901
39.9466370,32.6758380
39.9464700,32.6764110
39.9463240,32.6769139
39.9461719,32.6774391
39.9460050,32.6779980
39.9458190,32.6786380
39.9456510,32.6792070
39.9454441,32.6798970
39.9452730,32.6804969
39.9451321,32.6809700
39.9449279,32.6816601
39.9448170,32.6820269
39.9446849,32.6824531
39.9444861,32.6830170
39.9443349,32.6834230
39.9440970,32.6839989
39.9438490,32.6845470
39.9436231,32.6850279
39.9434171,32.6854510
39.9432300,32.6858430
39.9430191,32.6862960
39.9428079,32.6867251
39.9425360,32.6872839
39.9423030,32.6877951
39.9421300,32.6882121
39.9419520,32.6886609
39.9418680,32.6888969
39.9417910,32.6891190
39.9416100,32.6896509
39.9413400,32.6904709
39.9411071,32.6911720
39.9408970,32.6917971
39.9407490,32.6922490
39.9406080,32.6926781
39.9404380,32.6931400
39.9403291,32.6934439
39.9402090,32.6937430
39.9400760,32.6940479
39.9399360,32.6943670
39.9398010,32.6946480
39.9396290,32.6949881
39.9395100,32.6952159
39.9392680,32.6956320
39.9390760,32.6959551
39.9389039,32.6962360
39.9387970,32.6963960
39.9386950,32.6965420
39.9384860,32.6968279
39.9382210,32.6971870
39.9379719,32.6975010
39.9376170,32.6979420
39.9373650,32.6982620
39.9371151,32.6985819
39.9367830,32.6989999
39.9366029,32.6992311
39.9363260,32.6995680
39.9360640,32.6999030
39.9358100,32.7002110
39.9356290,32.7004430
39.9354219,32.7007031
39.9350430,32.7011750
39.9347520,32.7015359
39.9344619,32.7018941
39.9341610,32.7022740
39.9338570,32.7026540
39.9335459,32.7030441
39.9332820,32.7033740
39.9329770,32.7037490
39.9326610,32.7041451
39.9323510,32.7045399
39.9322780,32.7046330
39.9319560,32.7050339
39.9315180,32.7055710
39.9311740,32.7060070
39.9308650,32.7063910
39.9306130,32.7067051
39.9303560,32.7070299
39.9301291,32.7073179
39.9298960,32.7076359
39.9296100,32.7080399
39.9292980,32.7085170
39.9290990,32.7088289
39.9288710,32.7092200
39.9286031,32.7096960
39.9284370,32.7100100
39.9282740,32.7103370
39.9280050,32.7108980
39.9278360,32.7112730
39.9276539,32.7117200
39.9275240,32.7120230
39.9274061,32.7123489
39.9273010,32.7126290
39.9271901,32.7129580
39.9270370,32.7134269
39.9269199,32.7138240
39.9268290,32.7141651
39.9267010,32.7146419
39.9265811,32.7151639
39.9264449,32.7157390
39.9263199,32.7163331
39.9261970,32.7168920
39.9261410,32.7171360
39.9260559,32.7175120
39.9259480,32.7180120
39.9258340,32.7184990
39.9257370,32.7189960
39.9256300,32.7194559
39.9255560,32.7197959
39.9254430,32.7202990
39.9253630,32.7207060
39.9252680,32.7211630
39.9252040,32.7214870
39.9251350,32.7218990
39.9250771,32.7222919
39.9250090,32.7228680
39.9249571,32.7233700
39.9249149,32.7237681
39.9248900,32.7242930
39.9248660,32.7247231
39.9248520,32.7251951
39.9248510,32.7256360
39.9248589,32.7261370
39.9248760,32.7266089
39.9249110,32.7272489
39.9249769,32.7279520
39.9250711,32.7287060
39.9251550,32.7292719
39.9252651,32.7298869
39.9253990,32.7305439
39.9255550,32.7311799
39.9256920,32.7316970
39.9258209,32.7321290
39.9259761,32.7326380
39.9262570,32.7334239
39.9265280,32.7342090
39.9267650,32.7348780
39.9270100,32.7355760
39.9272830,32.7363690
39.9275440,32.7371150
39.9278220,32.7379100
39.9280501,32.7385599
39.9282970,32.7392479
39.9284880,32.7398060
39.9287320,32.7404960
39.9289490,32.7410941
39.9291871,32.7417689
39.9294480,32.7424931
39.9296960,32.7431979
39.9299590,32.7439560
39.9301360,32.7444680
39.9303510,32.7450921
39.9305500,32.7456591
39.9307130,32.7461990
39.9308400,32.7466409
39.9309820,32.7472050
39.9311060,32.7477609
39.9312330,32.7484199
39.9313450,32.7491490
39.9314020,32.7496190
39.9314460,32.7500800
39.9314820,32.7504359
39.9315110,32.7510951
39.9315260,32.7516360
39.9315160,32.7524650
39.9315030,32.7528201
39.9314850,32.7531429
39.9314549,32.7536890
39.9314080,32.7542959
39.9313580,32.7550489
39.9313080,32.7557130
39.9312670,32.7562981
39.9312210,32.7569420
39.9311830,32.7575150
39.9311410,32.7581031
39.9310980,32.7587020
39.9310650,32.7593000
39.9310280,32.7598300
39.9309840,32.7603280
39.9309490,32.7608810
39.9309190,32.7613141
39.9308869,32.7618980
39.9308769,32.7625261
39.9308811,32.7630790
39.9308950,32.7636500
39.9309250,32.7641050
39.9309770,32.7646639
39.9310150,32.7650691
39.9310910,32.7656050
39.9311931,32.7662209
39.9313130,32.7668889
39.9314311,32.7675600
39.9315710,32.7683100
39.9316810,32.7689540
39.9317810,32.7694701
39.9318780,32.7699951
39.9319801,32.7705109
39.9320579,32.7708730
39.9321299,32.7712070
39.9322080,32.7715601
39.9323411,32.7721180
39.9325630,32.7729869
39.9327590,32.7737741
39.9329410,32.7744809
39.9331110,32.7751520
39.9332250,32.7755800
39.9333439,32.7759820
39.9335611,32.7766349
39.9338670,32.7775610
39.9341450,32.7783200
39.9344140,32.7790890
39.9347009,32.7798951
39.9349440,32.7805990
39.9351581,32.7812219
39.9353980,32.7819039
39.9355850,32.7824220
39.9358180,32.7830980
39.9360350,32.7837230
39.9362689,32.7843821
39.9365449,32.7851620
39.9368050,32.7859120
39.9370230,32.7865220
39.9372610,32.7872080
39.9375389,32.7879910
39.9378070,32.7887600
39.9382460,32.7900970
39.9384639,32.7906920
39.9387020,32.7913490
39.9390040,32.7922009
39.9392830,32.7929340
39.9395570,32.7937330
39.9397991,32.7945169
39.9400110,32.7953740
39.9401689,32.7960251
39.9403200,32.7966949
39.9405000,32.7974779
39.9406550,32.7981330
39.9408459,32.7989650
39.9409979,32.7996161
39.9411480,32.8002809
39.9413631,32.8011240
39.9414980,32.8017690
39.9417070,32.8026820
39.9418840,32.8034520
39.9420640,32.8042089
39.9422590,32.8050440
39.9424330,32.8057949
39.9426320,32.8066369
39.9428190,32.8074271
39.9430009,32.8082120
39.9431630,32.8089340
39.9432941,32.8095210
39.9434320,32.8101330
39.9435830,32.8107870
39.9438090,32.8117520
39.9439870,32.8125141
39.9441790,32.8133079
39.9443490,32.8140670
39.9444990,32.8146831
39.9446430,32.8152679
39.9448390,32.8160399
39.9450060,32.8167110
39.9451760,32.8174090
39.9453569,32.8181410
39.9455410,32.8188870
39.9457260,32.8196240
39.9458530,32.8201529
39.9459350,32.8205919
39.9460020,32.8211359
39.9460289,32.8214940
39.9460370,32.8218320
39.9460349,32.8221221
39.9460200,32.8224839
39.9459820,32.8228790
39.9459370,32.8232270
39.9458930,32.8234861
39.9458469,32.8237360
39.9457890,32.8239800
39.9457080,32.8242890
39.9456140,32.8245749
39.9455130,32.8248660
39.9454000,32.8251509
39.9451899,32.8256151
39.9449480,32.8261281
39.9447980,32.8264421
39.9446439,32.8267690
39.9444370,32.8271890
39.9442510,32.8275461
39.9440330,32.8279701
39.9438129,32.8283770
39.9434811,32.8289880
39.9433000,32.8293040
39.9430510,32.8297519
39.9427980,32.8302190
39.9426079,32.8305681
39.9423541,32.8310199
39.9420951,32.8315080
39.9418020,32.8320280
39.9415590,32.8324761
39.9413160,32.8329090
39.9410819,32.8333350
39.9407960,32.8338551
39.9405490,32.8342930
39.9403269,32.8347101
39.9400600,32.8352089
39.9397730,32.8357441
39.9395359,32.8361890
39.9392820,32.8366700
39.9390350,32.8371390
39.9388041,32.8375570
39.9385590,32.8380260
39.9383260,32.8384600
39.9381259,32.8388330
39.9379600,32.8391480
39.9378420,32.8393420
39.9377200,32.8395170
39.9376150,32.8396490
39.9375320,32.8397420
39.9374180,32.8398520
39.9372910,32.8399790
39.9371950,32.8400840
39.9371021,32.8401880
39.9369530,32.8403819
39.9368189,32.8405740
39.9365930,32.8409090
39.9365060,32.8410389
39.9364000,32.8412130
39.9361280,32.8417350
39.9359029,32.8421621
39.9356320,32.8426450
39.9353260,32.8432080
39.9351383,32.8435506
39.9351370,32.8435530
39.9351350,32.8435569
39.9351120,32.8435260
39.9352210,32.8437340
39.9348701,32.8434227
39.9347792,32.8435969
39.9346569,32.8438315
39.9343054,32.8444950
39.9339872,32.8450628
39.9338552,32.8452748
39.9337066,32.8454938
39.9335772,32.8456864
39.9333761,32.8459965
39.9333281,32.8460616
39.9332475,32.8461711
39.9330864,32.8464063
39.9330457,32.8464867
39.9328914,32.8467657
39.9327899,32.8469382
39.9327306,32.8470358
39.9326744,32.8471234
39.9326038,32.8472168
39.9324836,32.8473662
39.9323813,32.8474740
39.9322054,32.8476604
39.9320893,32.8477748
39.9319935,32.8478903
39.9319430,32.8479461
39.9316372,32.8482831
39.9310232,32.8489564
39.9307326,32.8492794
39.9303337,32.8497703
39.9301078,32.8501236
39.9299774,32.8503771
39.9298512,32.8506293
39.9297508,32.8508647
39.9296182,32.8512224
39.9295335,32.8514840
39.9294563,32.8517538
39.9294460,32.8517900
39.9293888,32.8520622
39.9293666,32.8522077
39.9293308,32.8524445
39.9292961,32.8528044
39.9292790,32.8529801
39.9292590,32.8531985
39.9292520,32.8532670
39.9292245,32.8536014
39.9292153,32.8538695
39.9292096,32.8539864
39.9292040,32.8541030
39.9291669,32.8548050
39.9291348,32.8554115
39.9291282,32.8555602
39.9291008,32.8564978
39.9290934,32.8567467
39.9291053,32.8572100
39.9291318,32.8578409
39.9291475,32.8582119
39.9291593,32.8588173
39.9291575,32.8593520
39.9291533,32.8594666
39.9291432,32.8596024
39.9291331,32.8597384
39.9291283,32.8597996
39.9291235,32.8598607
39.9291162,32.8599470
39.9291090,32.8600328
39.9291043,32.8600705
39.9290680,32.8604305
39.9290202,32.8607883
39.9288726,32.8618160
39.9288313,32.8621327
39.9287948,32.8624953
39.9287658,32.8628482
39.9287484,32.8631786
39.9287419,32.8636362
39.9287524,32.8642473
39.9287693,32.8647212
39.9287917,32.8652614
39.9288115,32.8659389
39.9288674,32.8671457
39.9288707,32.8672394
39.9288738,32.8673325
39.9288756,32.8673885
39.9288772,32.8674446
39.9288791,32.8674984
39.9288808,32.8675525
39.9288899,32.8677509
39.9288916,32.8677904
39.9288946,32.8678600
39.9288978,32.8679293
39.9289025,32.8680369
39.9289202,32.8685552
39.9289571,32.8690151
39.9289972,32.8693149
39.9290832,32.8698129
39.9291920,32.8701983
39.9293163,32.8705843
39.9294635,32.8709446
39.9295655,32.8711372
39.9295876,32.8711786
39.9297425,32.8714545
39.9299509,32.8717578
39.9302434,32.8721125
39.9306762,32.8725753
39.9309603,32.8728543
39.9319600,32.8738523
39.9320258,32.8739182
39.9322864,32.8741775
39.9323963,32.8743076
39.9325132,32.8744505
39.9325314,32.8744727
39.9326295,32.8746291
39.9326652,32.8746859
39.9328501,32.8750180
39.9330451,32.8753947
39.9334120,32.8761025
39.9334658,32.8761944
39.9335603,32.8763555
39.9337755,32.8767223
39.9337785,32.8767283
39.9340128,32.8771824
39.9340806,32.8773115
39.9342000,32.8775393
39.9342719,32.8776628
39.9344344,32.8778946
39.9344955,32.8779820
39.9346866,32.8782289
39.9347696,32.8783361
39.9349997,32.8786463
39.9354108,32.8791787
39.9357507,32.8795453
39.9360484,32.8798420
39.9363289,32.8800839
39.9365469,32.8802633
39.9367873,32.8804526
39.9370600,32.8806420
39.9372196,32.8807456
39.9372749,32.8807828
39.9373302,32.8808199
39.9373315,32.8808211
39.9378720,32.8811501
39.9381156,32.8813055
39.9382881,32.8814170
39.9386496,32.8816943
39.9389263,32.8819257
39.9391859,32.8821720
39.9393724,32.8823664
39.9395405,32.8825629
39.9397261,32.8827986
39.9398772,32.8830124
39.9400720,32.8833281
39.9400769,32.8833362
39.9402155,32.8835683
39.9404537,32.8839264
39.9406217,32.8843157
39.9407605,32.8847004
39.9408337,32.8849244
39.9409135,32.8851558
39.9410518,32.8856696
39.9411517,32.8861222
39.9411546,32.8861353
39.9412235,32.8866318
39.9412679,32.8871612
39.9412865,32.8877827
39.9412742,32.8883943
39.9412434,32.8887642
39.9411908,32.8891545
39.9411285,32.8895138
39.9410370,32.8899236
39.9409176,32.8903509
39.9408083,32.8906857
39.9407062,32.8909505
39.9406446,32.8910989
39.9406392,32.8911206
39.9405011,32.8914418
39.9403468,32.8917640
39.9401352,32.8921608
39.9401141,32.8921948
39.9399157,32.8924837
39.9396523,32.8928406
39.9394280,32.8931168
39.9393560,32.8931945
39.9391457,32.8934213
39.9388311,32.8937051
39.9385687,32.8939288
39.9380557,32.8943664
39.9376521,32.8947091
39.9375653,32.8947757
39.9372482,32.8950188
39.9367159,32.8954442
39.9363556,32.8958082
39.9361596,32.8959739
39.9360688,32.8960725
39.9358539,32.8963295
39.9356624,32.8965886
39.9355208,32.8967972
39.9355043,32.8968217
39.9353524,32.8970682
39.9352088,32.8973455
39.9351002,32.8975688
39.9350364,32.8976971
39.9349834,32.8978186
39.9348779,32.8980601
39.9347418,32.8984471
39.9346722,32.8986453
39.9346070,32.8988633
39.9343409,32.8998426
39.9338990,32.9015649
39.9336065,32.9025535
39.9334191,32.9032244
39.9333980,32.9033162
39.9333621,32.9034673
39.9332871,32.9038196
39.9332712,32.9038932
39.9332433,32.9041428
39.9332155,32.9043920
39.9329466,32.9058788
39.9326596,32.9074658
39.9326316,32.9076142
39.9326033,32.9077625
39.9325800,32.9078798
39.9324388,32.9085222
39.9323101,32.9090197
39.9321558,32.9094820
39.9319838,32.9099048
39.9316359,32.9106866
39.9314352,32.9111895
39.9313097,32.9115227
39.9312680,32.9116331
39.9311728,32.9118862
39.9310286,32.9122883
39.9309676,32.9124431
39.9309066,32.9125977
39.9308870,32.9126380
39.9306878,32.9130988
39.9305368,32.9134020
39.9305145,32.9134467
39.9303576,32.9137355
39.9302354,32.9139400
39.9300835,32.9141719
39.9298711,32.9144574
39.9298493,32.9144830
39.9294498,32.9149559
39.9291208,32.9153449
39.9290084,32.9154798
39.9288959,32.9156146
39.9285939,32.9159729
39.9285518,32.9160240
39.9285097,32.9160751
39.9281118,32.9165504
39.9274966,32.9172856
39.9272859,32.9175941
39.9270523,32.9180189
39.9269147,32.9182859
39.9269136,32.9182879
39.9267475,32.9186601
39.9265932,32.9190689
39.9264877,32.9193992
39.9264447,32.9195497
39.9263818,32.9197695
39.9263736,32.9197984
39.9262795,32.9202190
39.9262593,32.9203093
39.9262036,32.9206260
39.9261921,32.9206965
39.9261701,32.9208563
39.9261383,32.9210872
39.9261372,32.9210952
39.9261151,32.9213198
39.9260695,32.9217850
39.9260466,32.9220175
39.9260236,32.9222502
39.9260143,32.9223452
39.9259576,32.9230013
39.9259138,32.9233888
39.9259051,32.9234655
39.9258753,32.9237289
39.9258299,32.9240550
39.9258145,32.9241589
39.9257611,32.9245206
39.9256558,32.9250621
39.9255706,32.9253738
39.9254762,32.9256988
39.9253713,32.9259884
39.9252868,32.9261874
39.9252026,32.9263790
39.9250990,32.9265900
39.9249838,32.9267974
39.9248264,32.9270685
39.9247340,32.9272239
39.9243791,32.9277756
39.9241526,32.9281394
39.9238634,32.9285958
39.9236059,32.9290362
39.9234138,32.9294130
39.9232879,32.9296833
39.9231764,32.9299592
39.9229976,32.9304273
39.9228439,32.9308335
39.9226312,32.9314605
39.9224244,32.9321298
39.9224227,32.9321351
39.9224162,32.9321580
39.9221107,32.9332419
39.9220510,32.9334502
39.9219516,32.9337968
39.9219091,32.9339256
39.9217598,32.9343439
39.9216947,32.9344802
39.9216864,32.9344985
39.9216011,32.9346721
39.9215920,32.9346900
39.9214713,32.9349260
39.9213346,32.9351930
39.9211756,32.9354542
39.9211268,32.9355342
39.9207282,32.9360793
39.9205874,32.9362680
39.9198659,32.9372260
39.9193774,32.9378961
39.9191804,32.9381936
39.9191237,32.9382856
39.9190208,32.9384782
39.9188832,32.9387258
39.9188114,32.9388592
39.9187470,32.9389791
39.9185676,32.9393450
39.9185018,32.9394900
39.9184479,32.9396120
39.9183938,32.9397341
39.9183898,32.9397457
39.9182395,32.9401312
39.9181543,32.9403645
39.9181508,32.9403743
39.9180227,32.9408011
39.9179963,32.9408892
39.9179060,32.9412422
39.9177066,32.9421460
39.9176570,32.9423712
39.9175336,32.9429307
39.9175037,32.9430993
39.9174715,32.9432643
39.9174393,32.9434292
39.9173098,32.9441124
39.9171804,32.9447954
39.9171197,32.9451152
39.9169733,32.9458778
39.9168882,32.9462897
39.9168359,32.9466548
39.9167924,32.9469718
39.9167675,32.9472413
39.9167586,32.9473295
39.9167355,32.9478187
39.9167317,32.9483570
39.9167526,32.9489019
39.9167802,32.9493054
39.9168322,32.9497585
39.9168650,32.9502127
39.9168725,32.9503181
39.9168936,32.9507110
39.9169113,32.9510743
39.9169161,32.9513245
39.9168894,32.9520700
39.9168349,32.9525571
39.9167640,32.9530847
39.9166917,32.9535013
39.9166241,32.9538308
39.9166128,32.9538860
39.9164732,32.9543345
39.9164316,32.9544387
39.9163534,32.9546677
39.9162832,32.9548596
39.9162674,32.9548990
39.9162542,32.9549352
39.9161337,32.9552600
39.9159286,32.9556800
39.9158934,32.9557449
39.9157895,32.9559364
39.9156401,32.9562116
39.9152818,32.9568576
39.9152186,32.9569781
39.9151951,32.9570250
39.9151855,32.9570410
39.9150577,32.9572888
39.9148402,32.9577612
39.9148081,32.9578393
39.9146867,32.9581350
39.9145685,32.9584668
39.9143044,32.9592038
39.9142319,32.9593959
39.9141802,32.9595049
39.9140674,32.9597722
39.9140306,32.9598674
39.9139472,32.9600779
39.9138408,32.9603693
39.9137701,32.9605800
39.9137390,32.9607234
39.9137310,32.9607557
39.9137294,32.9607630
39.9137218,32.9608121
39.9136904,32.9609748
39.9136602,32.9611921
39.9136228,32.9615033
39.9136125,32.9615877
39.9135839,32.9618902
39.9135794,32.9619686
39.9135691,32.9621455
39.9135578,32.9624151
39.9134882,32.9640486
39.9134612,32.9649086
39.9134284,32.9657193
39.9133800,32.9657160
39.9137020,32.9659920
39.9142627,32.9659013
39.9645880,32.5839570
39.9351120,32.8435260
39.9352210,32.8437340
39.9133800,32.9657160
39.9137020,32.9659920
39.9645880,32.5839570
39.9645880,32.5839570
39.9646060,32.5839720
39.9644920,32.5843101
39.9642841,32.5849170
39.9640991,32.5854289
39.9639070,32.5859701
39.9637309,32.5865511
39.9635740,32.5870649
39.9634671,32.5874409
39.9633850,32.5877280
39.9632980,32.5880719
39.9632170,32.5884321
39.9631530,32.5887240
39.9630810,32.5891050
39.9629720,32.5897490
39.9628650,32.5904240
39.9627551,32.5911569
39.9626819,32.5916061
39.9626090,32.5921159
39.9624950,32.5928260
39.9623780,32.5936150
39.9622880,32.5941759
39.9622070,32.5946830
39.9620990,32.5953870
39.9619791,32.5961439
39.9618900,32.5967261
39.9618120,32.5972411
39.9617030,32.5979350
39.9616051,32.5986239
39.9615040,32.5993400
39.9614101,32.5999469
39.9612989,32.6006671
39.9611990,32.6013130
39.9611060,32.6019081
39.9610220,32.6024650
39.9609310,32.6030129
39.9608361,32.6036309
39.9607489,32.6041751
39.9606790,32.6046329
39.9605951,32.6051869
39.9605130,32.6057300
39.9604551,32.6060809
39.9603999,32.6064391
39.9603320,32.6069030
39.9602699,32.6072541
39.9602099,32.6075870
39.9601380,32.6079271
39.9600579,32.6082700
39.9599690,32.6086120
39.9599081,32.6088419
39.9598081,32.6091880
39.9596970,32.6095349
39.9595650,32.6099339
39.9593229,32.6105940
39.9591190,32.6111421
39.9590100,32.6114429
39.9589100,32.6117160
39.9586659,32.6123431
39.9584480,32.6129581
39.9581710,32.6136819
39.9579241,32.6143520
39.9577810,32.6147910
39.9576250,32.6153430
39.9575331,32.6157360
39.9574400,32.6161679
39.9573700,32.6165529
39.9573261,32.6168460
39.9572770,32.6172071
39.9572410,32.6174979
39.9571970,32.6179940
39.9571540,32.6186501
39.9571161,32.6192500
39.9570730,32.6199300
39.9570270,32.6206771
39.9569920,32.6212650
39.9569471,32.6219009
39.9569049,32.6225901
39.9568450,32.6233609
39.9567989,32.6238981
39.9567260,32.6245749
39.9566690,32.6251679
39.9566280,32.6255760
39.9565680,32.6261259
39.9564919,32.6268940
39.9564381,32.6273459
39.9563739,32.6278580
39.9562440,32.6285820
39.9560669,32.6294061
39.9558360,32.6305489
39.9558000,32.6307269
39.9556729,32.6314331
39.9555370,32.6320619
39.9554490,32.6324900
39.9553739,32.6328150
39.9552210,32.6334110
39.9551020,32.6338800
39.9549619,32.6343979
39.9548081,32.6349980
39.9547010,32.6353800
39.9545880,32.6358089
39.9544839,32.6361920
39.9544051,32.6365180
39.9543040,32.6369750
39.9542109,32.6374360
39.9540810,32.6380671
39.9539810,32.6385729
39.9538810,32.6390750
39.9537500,32.6397079
39.9536130,32.6404269
39.9534720,32.6411309
39.9533359,32.6417870
39.9531730,32.6426300
39.9530619,32.6431970
39.9529399,32.6438041
39.9528391,32.6443409
39.9526950,32.6450640
39.9525799,32.6456600
39.9524620,32.6462890
39.9523380,32.6469089
39.9522240,32.6475199
39.9520439,32.6484131
39.9519381,32.6489680
39.9517840,32.6497459
39.9516520,32.6504369
39.9515530,32.6509950
39.9514510,32.6515130
39.9513960,32.6517149
39.9513400,32.6519031
39.9512400,32.6522340
39.9510910,32.6528810
39.9509800,32.6534640
39.9508880,32.6539789
39.9507750,32.6545790
39.9506761,32.6551139
39.9505410,32.6558580
39.9504220,32.6564910
39.9503050,32.6571459
39.9501611,32.6579500
39.9500369,32.6586240
39.9499220,32.6592410
39.9497800,32.6600280
39.9496450,32.6608260
39.9495341,32.6614840
39.9494530,32.6619930
39.9493649,32.6625041
39.9492640,32.6631170
39.9491820,32.6636610
39.9490760,32.6642680
39.9489859,32.6648780
39.9488940,32.6654660
39.9488131,32.6660470
39.9487390,32.6665310
39.9486480,32.6671189
39.9485539,32.6676971
39.9484550,32.6682929
39.9483700,32.6688269
39.9482930,32.6692940
39.9482151,32.6697730
39.9481399,32.6702011
39.9480660,32.6706080
39.9479791,32.6710450
39.9478400,32.6716311
39.9477329,32.6720700
39.9476180,32.6724871
39.9474560,32.6730440
39.9472860,32.6736310
39.9471600,32.6740620
39.9470190,32.6745591
39.9468579,32.6750901
39.9466370,32.6758380
39.9464700,32.6764110
39.9463240,32.6769139
39.9461719,32.6774391
39.9460050,32.6779980
39.9458190,32.6786380
39.9456510,32.6792070
39.9454441,32.6798970
39.9452730,32.6804969
39.9451321,32.6809700
39.9449279,32.6816601
39.9448170,32.6820269
39.9446849,32.6824531
39.9444861,32.6830170
39.9443349,32.6834230
39.9440970,32.6839989
39.9438490,32.6845470
39.9436231,32.6850279
39.9434171,32.6854510
39.9432300,32.6858430
39.9430191,32.6862960
39.9428079,32.6867251
39.9425360,32.6872839
39.9423030,32.6877951
39.9421300,32.6882121
39.9419520,32.6886609
39.9418680,32.6888969
39.9417910,32.6891190
39.9416100,32.6896509
39.9413400,32.6904709
39.9411071,32.6911720
39.9408970,32.6917971
39.9407490,32.6922490
39.9406080,32.6926781
39.9404380,32.6931400
39.9403291,32.6934439
39.9402090,32.6937430
39.9400760,32.6940479
39.9399360,32.6943670
39.9398010,32.6946480
39.9396290,32.6949881
39.9395100,32.6952159
39.9392680,32.6956320
39.9390760,32.6959551
39.9389039,32.6962360
39.9387970,32.6963960
39.9386950,32.6965420
39.9384860,32.6968279
39.9382210,32.6971870
39.9379719,32.6975010
39.9376170,32.6979420
39.9373650,32.6982620
39.9371151,32.6985819
39.9367830,32.6989999
39.9366029,32.6992311
39.9363260,32.6995680
39.9360640,32.6999030
39.9358100,32.7002110
39.9356290,32.7004430
39.9354219,32.7007031
39.9350430,32.7011750
39.9347520,32.7015359
39.9344619,32.7018941
39.9341610,32.7022740
39.9338570,32.7026540
39.9335459,32.7030441
39.9332820,32.7033740
39.9329770,32.7037490
39.9326610,32.7041451
39.9323510,32.7045399
39.9323480,32.7045441
39.9322780,32.7046330
39.9319560,32.7050339
39.9315180,32.7055710
39.9311740,32.7060070
39.9308650,32.7063910
39.9306130,32.7067051
39.9303560,32.7070299
39.9301291,32.7073179
39.9298960,32.7076359
39.9296100,32.7080399
39.9292980,32.7085170
39.9290990,32.7088289
39.9288710,32.7092200
39.9286031,32.7096960
39.9284370,32.7100100
39.9282740,32.7103370
39.9280050,32.7108980
39.9278360,32.7112730
39.9276539,32.7117200
39.9275240,32.7120230
39.9274061,32.7123489
39.9273010,32.7126290
39.9271901,32.7129580
39.9270370,32.7134269
39.9269199,32.7138240
39.9268290,32.7141651
39.9267010,32.7146419
39.9265811,32.7151639
39.9264449,32.7157390
39.9263199,32.7163331
39.9261970,32.7168920
39.9261410,32.7171360
39.9260559,32.7175120
39.9259480,32.7180120
39.9258340,32.7184990
39.9257370,32.7189960
39.9256300,32.7194559
39.9255560,32.7197959
39.9254430,32.7202990
39.9253630,32.7207060
39.9252680,32.7211630
39.9252040,32.7214870
39.9251350,32.7218990
39.9250771,32.7222919
39.9250090,32.7228680
39.9249571,32.7233700
39.9249149,32.7237681
39.9248900,32.7242930
39.9248660,32.7247231
39.9248520,32.7251951
39.9248510,32.7256360
39.9248589,32.7261370
39.9248760,32.7266089
39.9249110,32.7272489
39.9249769,32.7279520
39.9250711,32.7287060
39.9251550,32.7292719
39.9252651,32.7298869
39.9253990,32.7305439
39.9255550,32.7311799
39.9256920,32.7316970
39.9258209,32.7321290
39.9259761,32.7326380
39.9262570,32.7334239
39.9265280,32.7342090
39.9267650,32.7348780
39.9270100,32.7355760
39.9272830,32.7363690
39.9275440,32.7371150
39.9278220,32.7379100
39.9280501,32.7385599
39.9282970,32.7392479
39.9284880,32.7398060
39.9287320,32.7404960
39.9289490,32.7410941
39.9291871,32.7417689
39.9294480,32.7424931
39.9296960,32.7431979
39.9299590,32.7439560
39.9301360,32.7444680
39.9303510,32.7450921
39.9305500,32.7456591
39.9307130,32.7461990
39.9308400,32.7466409
39.9309820,32.7472050
39.9311060,32.7477609
39.9312330,32.7484199
39.9313450,32.7491490
39.9314020,32.7496190
39.9314460,32.7500800
39.9314820,32.7504359
39.9315110,32.7510951
39.9315260,32.7516360
39.9315160,32.7524650
39.9315030,32.7528201
39.9314850,32.7531429
39.9314549,32.7536890
39.9314080,32.7542959
39.9313580,32.7550489
39.9313080,32.7557130
39.9312670,32.7562981
39.9312210,32.7569420
39.9311830,32.7575150
39.9311410,32.7581031
39.9310980,32.7587020
39.9310650,32.7593000
39.9310280,32.7598300
39.9309840,32.7603280
39.9309490,32.7608810
39.9309190,32.7613141
39.9308869,32.7618980
39.9308769,32.7625261
39.9308811,32.7630790
39.9308950,32.7636500
39.9309250,32.7641050
39.9309770,32.7646639
39.9310150,32.7650691
39.9310910,32.7656050
39.9311931,32.7662209
39.9313130,32.7668889
39.9314311,32.7675600
39.9315710,32.7683100
39.9316810,32.7689540
39.9317810,32.7694701
39.9318780,32.7699951
39.9319801,32.7705109
39.9320579,32.7708730
39.9321299,32.7712070
39.9322080,32.7715601
39.9323411,32.7721180
39.9325630,32.7729869
39.9327590,32.7737741
39.9329410,32.7744809
39.9331110,32.7751520
39.9332250,32.7755800
39.9333439,32.7759820
39.9335611,32.7766349
39.9338670,32.7775610
39.9341450,32.7783200
39.9344140,32.7790890
39.9347009,32.7798951
39.9349440,32.7805990
39.9351581,32.7812219
39.9353980,32.7819039
39.9355850,32.7824220
39.9358180,32.7830980
39.9360350,32.7837230
39.9362689,32.7843821
39.9365449,32.7851620
39.9368050,32.7859120
39.9370230,32.7865220
39.9372610,32.7872080
39.9375389,32.7879910
39.9378070,32.7887600
39.9382460,32.7900970
39.9384639,32.7906920
39.9387020,32.7913490
39.9390040,32.7922009
39.9392830,32.7929340
39.9395570,32.7937330
39.9397991,32.7945169
39.9400110,32.7953740
39.9401689,32.7960251
39.9403200,32.7966949
39.9405000,32.7974779
39.9406550,32.7981330
39.9408459,32.7989650
39.9409979,32.7996161
39.9411480,32.8002809
39.9413631,32.8011240
39.9414980,32.8017690
39.9417070,32.8026820
39.9418840,32.8034520
39.9420640,32.8042089
39.9422590,32.8050440
39.9424330,32.8057949
39.9426320,32.8066369
39.9428190,32.8074271
39.9430009,32.8082120
39.9431630,32.8089340
39.9432941,32.8095210
39.9434320,32.8101330
39.9435830,32.8107870
39.9438090,32.8117520
39.9439870,32.8125141
39.9441790,32.8133079
39.9443490,32.8140670
39.9444990,32.8146831
39.9446430,32.8152679
39.9448390,32.8160399
39.9450060,32.8167110
39.9451760,32.8174090
39.9453569,32.8181410
39.9455410,32.8188870
39.9457260,32.8196240
39.9458530,32.8201529
39.9459350,32.8205919
39.9460020,32.8211359
39.9460289,32.8214940
39.9460370,32.8218320
39.9460349,32.8221221
39.9460200,32.8224839
39.9459820,32.8228790
39.9459370,32.8232270
39.9458930,32.8234861
39.9458469,32.8237360
39.9457890,32.8239800
39.9457080,32.8242890
39.9456140,32.8245749
39.9455130,32.8248660
39.9454000,32.8251509
39.9451899,32.8256151
39.9449480,32.8261281
39.9447980,32.8264421
39.9446439,32.8267690
39.9444370,32.8271890
39.9442510,32.8275461
39.9440330,32.8279701
39.9438129,32.8283770
39.9434811,32.8289880
39.9433000,32.8293040
39.9430510,32.8297519
39.9427980,32.8302190
39.9426079,32.8305681
39.9423541,32.8310199
39.9420951,32.8315080
39.9418020,32.8320280
39.9415590,32.8324761
39.9413160,32.8329090
39.9410819,32.8333350
39.9407960,32.8338551
39.9405490,32.8342930
39.9403269,32.8347101
39.9400600,32.8352089
39.9397730,32.8357441
39.9395359,32.8361890
39.9392820,32.8366700
39.9390350,32.8371390
39.9388041,32.8375570
39.9385590,32.8380260
39.9383260,32.8384600
39.9381259,32.8388330
39.9379600,32.8391480
39.9378420,32.8393420
39.9377200,32.8395170
39.9376150,32.8396490
39.9375320,32.8397420
39.9374180,32.8398520
39.9372910,32.8399790
39.9371950,32.8400840
39.9371021,32.8401880
39.9369530,32.8403819
39.9368189,32.8405740
39.9365930,32.8409090
39.9365060,32.8410389
39.9364000,32.8412130
39.9361280,32.8417350
39.9359029,32.8421621
39.9356320,32.8426450
39.9353260,32.8432080
39.9351383,32.8435506
39.9351370,32.8435530
39.9351120,32.8435260
39.9352210,32.8437340
39.9348701,32.8434227
39.9347792,32.8435969
39.9346569,32.8438315
39.9343054,32.8444950
39.9339872,32.8450628
39.9338552,32.8452748
39.9337066,32.8454938
39.9335772,32.8456864
39.9333761,32.8459965
39.9333281,32.8460616
39.9332475,32.8461711
39.9330864,32.8464063
39.9330457,32.8464867
39.9328914,32.8467657
39.9327899,32.8469382
39.9327306,32.8470358
39.9326744,32.8471234
39.9326038,32.8472168
39.9324836,32.8473662
39.9323813,32.8474740
39.9322054,32.8476604
39.9320893,32.8477748
39.9319935,32.8478903
39.9319430,32.8479461
39.9316372,32.8482831
39.9310232,32.8489564
39.9307326,32.8492794
39.9303337,32.8497703
39.9301078,32.8501236
39.9299774,32.8503771
39.9298512,32.8506293
39.9297508,32.8508647
39.9296182,32.8512224
39.9295335,32.8514840
39.9294563,32.8517538
39.9294460,32.8517900
39.9293888,32.8520622
39.9293666,32.8522077
39.9293308,32.8524445
39.9292961,32.8528044
39.9292790,32.8529801
39.9292590,32.8531985
39.9292520,32.8532670
39.9292245,32.8536014
39.9292153,32.8538695
39.9292096,32.8539864
39.9292040,32.8541030
39.9291669,32.8548050
39.9291348,32.8554115
39.9291282,32.8555602
39.9291008,32.8564978
39.9290934,32.8567467
39.9291053,32.8572100
39.9291318,32.8578409
39.9291475,32.8582119
39.9291593,32.8588173
39.9291575,32.8593520
39.9291533,32.8594666
39.9291432,32.8596024
39.9291331,32.8597384
39.9291283,32.8597996
39.9291235,32.8598607
39.9291162,32.8599470
39.9291090,32.8600328
39.9291043,32.8600705
39.9290680,32.8604305
39.9290202,32.8607883
39.9288726,32.8618160
39.9288313,32.8621327
39.9287948,32.8624953
39.9287658,32.8628482
39.9287484,32.8631786
39.9287419,32.8636362
39.9287524,32.8642473
39.9287693,32.8647212
39.9287917,32.8652614
39.9288115,32.8659389
39.9288674,32.8671457
39.9288707,32.8672394
39.9288738,32.8673325
39.9288756,32.8673885
39.9288772,32.8674446
39.9288791,32.8674984
39.9288808,32.8675525
39.9288899,32.8677509
39.9288916,32.8677904
39.9288946,32.8678600
39.9288978,32.8679293
39.9289025,32.8680369
39.9289202,32.8685552
39.9289571,32.8690151
39.9289972,32.8693149
39.9290832,32.8698129
39.9291920,32.8701983
39.9293163,32.8705843
39.9294635,32.8709446
39.9295655,32.8711372
39.9295876,32.8711786
39.9297425,32.8714545
39.9299509,32.8717578
39.9302434,32.8721125
39.9306762,32.8725753
39.9309603,32.8728543
39.9319600,32.8738523
39.9320258,32.8739182
39.9322864,32.8741775
39.9323963,32.8743076
39.9325132,32.8744505
39.9325314,32.8744727
39.9326295,32.8746291
39.9326652,32.8746859
39.9328501,32.8750180
39.9330451,32.8753947
39.9334120,32.8761025
39.9334658,32.8761944
39.9335603,32.8763555
39.9337755,32.8767223
39.9337785,32.8767283
39.9340128,32.8771824
39.9340806,32.8773115
39.9342000,32.8775393
39.9342719,32.8776628
39.9344344,32.8778946
39.9344955,32.8779820
39.9346866,32.8782289
39.9347696,32.8783361
39.9349997,32.8786463
39.9354108,32.8791787
39.9357507,32.8795453
39.9360484,32.8798420
39.9363289,32.8800839
39.9365469,32.8802633
39.9367873,32.8804526
39.9370600,32.8806420
39.9372196,32.8807456
39.9372749,32.8807828
39.9373302,32.8808199
39.9373315,32.8808211
39.9378720,32.8811501
39.9381156,32.8813055
39.9382881,32.8814170
39.9386496,32.8816943
39.9389263,32.8819257
39.9391859,32.8821720
39.9393724,32.8823664
39.9395405,32.8825629
39.9397261,32.8827986
39.9398772,32.8830124
39.9400720,32.8833281
39.9400769,32.8833362
39.9402155,32.8835683
39.9404537,32.8839264
39.9406217,32.8843157
39.9407605,32.8847004
39.9408337,32.8849244
39.9409135,32.8851558
39.9410518,32.8856696
39.9411517,32.8861222
39.9411546,32.8861353
39.9412235,32.8866318
39.9412679,32.8871612
39.9412865,32.8877827
39.9412742,32.8883943
39.9412434,32.8887642
39.9411908,32.8891545
39.9411285,32.8895138
39.9410370,32.8899236
39.9409176,32.8903509
39.9408083,32.8906857
39.9407062,32.8909505
39.9406446,32.8910989
39.9406392,32.8911206
39.9405011,32.8914418
39.9403468,32.8917640
39.9401352,32.8921608
39.9401141,32.8921948
39.9399157,32.8924837
39.9396523,32.8928406
39.9394280,32.8931168
39.9393560,32.8931945
39.9391457,32.8934213
39.9388311,32.8937051
39.9385687,32.8939288
39.9380557,32.8943664
39.9376521,32.8947091
39.9375653,32.8947757
39.9372482,32.8950188
39.9367159,32.8954442
39.9363556,32.8958082
39.9361596,32.8959739
39.9360688,32.8960725
39.9358539,32.8963295
39.9356624,32.8965886
39.9355208,32.8967972
39.9355043,32.8968217
39.9353524,32.8970682
39.9352088,32.8973455
39.9351002,32.8975688
39.9350364,32.8976971
39.9349834,32.8978186
39.9348779,32.8980601
39.9347418,32.8984471
39.9346722,32.8986453
39.9346070,32.8988633
39.9343409,32.8998426
39.9338990,32.9015649
39.9336065,32.9025535
39.9334191,32.9032244
39.9333980,32.9033162
39.9333621,32.9034673
39.9332871,32.9038196
39.9332712,32.9038932
39.9332433,32.9041428
39.9332155,32.9043920
39.9329466,32.9058788
39.9326596,32.9074658
39.9326316,32.9076142
39.9326033,32.9077625
39.9325800,32.9078798
39.9324388,32.9085222
39.9323101,32.9090197
39.9321558,32.9094820
39.9319838,32.9099048
39.9316359,32.9106866
39.9314352,32.9111895
39.9313097,32.9115227
39.9312680,32.9116331
39.9311728,32.9118862
39.9310286,32.9122883
39.9309676,32.9124431
39.9309066,32.9125977
39.9308870,32.9126380
39.9306878,32.9130988
39.9305368,32.9134020
39.9305145,32.9134467
39.9303576,32.9137355
39.9302354,32.9139400
39.9300835,32.9141719
39.9298711,32.9144574
39.9298493,32.9144830
39.9294498,32.9149559
39.9291208,32.9153449
39.9290084,32.9154798
39.9288959,32.9156146
39.9285939,32.9159729
39.9285518,32.9160240
39.9285097,32.9160751
39.9281118,32.9165504
39.9274966,32.9172856
39.9272859,32.9175941
39.9270523,32.9180189
39.9269147,32.9182859
39.9269136,32.9182879
39.9267475,32.9186601
39.9265932,32.9190689
39.9264877,32.9193992
39.9264447,32.9195497
39.9263818,32.9197695
39.9263736,32.9197984
39.9262795,32.9202190
39.9262593,32.9203093
39.9262036,32.9206260
39.9261921,32.9206965
39.9261701,32.9208563
39.9261383,32.9210872
39.9261372,32.9210952
39.9261151,32.9213198
39.9260695,32.9217850
39.9260466,32.9220175
39.9260236,32.9222502
39.9260143,32.9223452
39.9259576,32.9230013
39.9259138,32.9233888
39.9259051,32.9234655
39.9258753,32.9237289
39.9258299,32.9240550
39.9258145,32.9241589
39.9257611,32.9245206
39.9256558,32.9250621
39.9255706,32.9253738
39.9254762,32.9256988
39.9253713,32.9259884
39.9252868,32.9261874
39.9252026,32.9263790
39.9250990,32.9265900
39.9249838,32.9267974
39.9248264,32.9270685
39.9247340,32.9272239
39.9243791,32.9277756
39.9241526,32.9281394
39.9238634,32.9285958
39.9236059,32.9290362
39.9234138,32.9294130
39.9232879,32.9296833
39.9231764,32.9299592
39.9229976,32.9304273
39.9228439,32.9308335
39.9226312,32.9314605
39.9224244,32.9321298
39.9224227,32.9321351
39.9224162,32.9321580
39.9221107,32.9332419
39.9220510,32.9334502
39.9219516,32.9337968
39.9219091,32.9339256
39.9217598,32.9343439
39.9216947,32.9344802
39.9216864,32.9344985
39.9216011,32.9346721
39.9215920,32.9346900
39.9214713,32.9349260
39.9213346,32.9351930
39.9211756,32.9354542
39.9211268,32.9355342
39.9207282,32.9360793
39.9205874,32.9362680
39.9198659,32.9372260
39.9193774,32.9378961
39.9191804,32.9381936
39.9191237,32.9382856
39.9190208,32.9384782
39.9188832,32.9387258
39.9188114,32.9388592
39.9187470,32.9389791
39.9185676,32.9393450
39.9185018,32.9394900
39.9184479,32.9396120
39.9183938,32.9397341
39.9183898,32.9397457
39.9182395,32.9401312
39.9181543,32.9403645
39.9181508,32.9403743
39.9180227,32.9408011
39.9179963,32.9408892
39.9179060,32.9412422
39.9177066,32.9421460
39.9176570,32.9423712
39.9175336,32.9429307
39.9175037,32.9430993
39.9174715,32.9432643
39.9174393,32.9434292
39.9173098,32.9441124
39.9171804,32.9447954
39.9171197,32.9451152
39.9169733,32.9458778
39.9168882,32.9462897
39.9168359,32.9466548
39.9167924,32.9469718
39.9167675,32.9472413
39.9167586,32.9473295
39.9167355,32.9478187
39.9167317,32.9483570
39.9167526,32.9489019
39.9167802,32.9493054
39.9168322,32.9497585
39.9168650,32.9502127
39.9168725,32.9503181
39.9168936,32.9507110
39.9169113,32.9510743
39.9169161,32.9513245
39.9168894,32.9520700
39.9168349,32.9525571
39.9167640,32.9530847
39.9166917,32.9535013
39.9166241,32.9538308
39.9166128,32.9538860
39.9164732,32.9543345
39.9164316,32.9544387
39.9163534,32.9546677
39.9162832,32.9548596
39.9162674,32.9548990
39.9162542,32.9549352
39.9161337,32.9552600
39.9159286,32.9556800
39.9158934,32.9557449
39.9157895,32.9559364
39.9156401,32.9562116
39.9152818,32.9568576
39.9152186,32.9569781
39.9151951,32.9570250
39.9151855,32.9570410
39.9150577,32.9572888
39.9148402,32.9577612
39.9148081,32.9578393
39.9146867,32.9581350
39.9145685,32.9584668
39.9143044,32.9592038
39.9142319,32.9593959
39.9141802,32.9595049
39.9140674,32.9597722
39.9140306,32.9598674
39.9139472,32.9600779
39.9138408,32.9603693
39.9137701,32.9605800
39.9137390,32.9607234
39.9137310,32.9607557
39.9137294,32.9607630
39.9137218,32.9608121
39.9136904,32.9609748
39.9136602,32.9611921
39.9136228,32.9615033
39.9136125,32.9615877
39.9135839,32.9618902
39.9135794,32.9619686
39.9135691,32.9621455
39.9135578,32.9624151
39.9134882,32.9640486
39.9134612,32.9649086
39.9134284,32.9657193
39.9133800,32.9657160
39.9137020,32.9659920
39.9142627,32.9659013
39.9645880,32.5839570
39.9351120,32.8435260
39.9352210,32.8437340
39.9133800,32.9657160
39.9137020,32.9659920
39.9645880,32.5839570
39.9645880,32.5839570
39.9646060,32.5839720
39.9644920,32.5843101
39.9642841,32.5849170
39.9640991,32.5854289
39.9639070,32.5859701
39.9637309,32.5865511
39.9635740,32.5870649
39.9634671,32.5874409
39.9633850,32.5877280
39.9632980,32.5880719
39.9632170,32.5884321
39.9631530,32.5887240
39.9630810,32.5891050
39.9629720,32.5897490
39.9628650,32.5904240
39.9627551,32.5911569
39.9626819,32.5916061
39.9626090,32.5921159
39.9624950,32.5928260
39.9623780,32.5936150
39.9622880,32.5941759
39.9622070,32.5946830
39.9620990,32.5953870
39.9619791,32.5961439
39.9618900,32.5967261
39.9618120,32.5972411
39.9617030,32.5979350
39.9616051,32.5986239
39.9615040,32.5993400
39.9614101,32.5999469
39.9612989,32.6006671
39.9611990,32.6013130
39.9611060,32.6019081
39.9610220,32.6024650
39.9609310,32.6030129
39.9608361,32.6036309
39.9607489,32.6041751
39.9606790,32.6046329
39.9605951,32.6051869
39.9605130,32.6057300
39.9604551,32.6060809
39.9603999,32.6064391
39.9603320,32.6069030
39.9602699,32.6072541
39.9602099,32.6075870
39.9601380,32.6079271
39.9600579,32.6082700
39.9599690,32.6086120
39.9599081,32.6088419
39.9598081,32.6091880
39.9596970,32.6095349
39.9595650,32.6099339
39.9593229,32.6105940
39.9591190,32.6111421
39.9590100,32.6114429
39.9589100,32.6117160
39.9586659,32.6123431
39.9584480,32.6129581
39.9581710,32.6136819
39.9579241,32.6143520
39.9577810,32.6147910
39.9576250,32.6153430
39.9575331,32.6157360
39.9574400,32.6161679
39.9573700,32.6165529
39.9573261,32.6168460
39.9572770,32.6172071
39.9572410,32.6174979
39.9571970,32.6179940
39.9571540,32.6186501
39.9571161,32.6192500
39.9570730,32.6199300
39.9570270,32.6206771
39.9569920,32.6212650
39.9569471,32.6219009
39.9569049,32.6225901
39.9568450,32.6233609
39.9567989,32.6238981
39.9567260,32.6245749
39.9566690,32.6251679
39.9566280,32.6255760
39.9565680,32.6261259
39.9564919,32.6268940
39.9564381,32.6273459
39.9563739,32.6278580
39.9562440,32.6285820
39.9560669,32.6294061
39.9558360,32.6305489
39.9558360,32.6305510
39.9558000,32.6307269
39.9556729,32.6314331
39.9555370,32.6320619
39.9554490,32.6324900
39.9553739,32.6328150
39.9552210,32.6334110
39.9551020,32.6338800
39.9549619,32.6343979
39.9548081,32.6349980
39.9547010,32.6353800
39.9545880,32.6358089
39.9544839,32.6361920
39.9544051,32.6365180
39.9543040,32.6369750
39.9542109,32.6374360
39.9540810,32.6380671
39.9539810,32.6385729
39.9538810,32.6390750
39.9537500,32.6397079
39.9536130,32.6404269
39.9534720,32.6411309
39.9533359,32.6417870
39.9531730,32.6426300
39.9530619,32.6431970
39.9529399,32.6438041
39.9528391,32.6443409
39.9526950,32.6450640
39.9525799,32.6456600
39.9524620,32.6462890
39.9523380,32.6469089
39.9522240,32.6475199
39.9520439,32.6484131
39.9519381,32.6489680
39.9517840,32.6497459
39.9516520,32.6504369
39.9515530,32.6509950
39.9514510,32.6515130
39.9513960,32.6517149
39.9513400,32.6519031
39.9512400,32.6522340
39.9510910,32.6528810
39.9509800,32.6534640
39.9508880,32.6539789
39.9507750,32.6545790
39.9506761,32.6551139
39.9505410,32.6558580
39.9504220,32.6564910
39.9503050,32.6571459
39.9501611,32.6579500
39.9500369,32.6586240
39.9499220,32.6592410
39.9497800,32.6600280
39.9496450,32.6608260
39.9495341,32.6614840
39.9494530,32.6619930
39.9493649,32.6625041
39.9492640,32.6631170
39.9491820,32.6636610
39.9490760,32.6642680
39.9489859,32.6648780
39.9488940,32.6654660
39.9488131,32.6660470
39.9487390,32.6665310
39.9486480,32.6671189
39.9485539,32.6676971
39.9484550,32.6682929
39.9483700,32.6688269
39.9482930,32.6692940
39.9482151,32.6697730
39.9481399,32.6702011
39.9480660,32.6706080
39.9479791,32.6710450
39.9478400,32.6716311
39.9477329,32.6720700
39.9476180,32.6724871
39.9474560,32.6730440
39.9472860,32.6736310
39.9471600,32.6740620
39.9470190,32.6745591
39.9468579,32.6750901
39.9466370,32.6758380
39.9464700,32.6764110
39.9463240,32.6769139
39.9461719,32.6774391
39.9460050,32.6779980
39.9458190,32.6786380
39.9456510,32.6792070
39.9454441,32.6798970
39.9452730,32.6804969
39.9451321,32.6809700
39.9449279,32.6816601
39.9448170,32.6820269
39.9446849,32.6824531
39.9444861,32.6830170
39.9443349,32.6834230
39.9440970,32.6839989
39.9438490,32.6845470
39.9436231,32.6850279
39.9434171,32.6854510
39.9432300,32.6858430
39.9430191,32.6862960
39.9428079,32.6867251
39.9425360,32.6872839
39.9423030,32.6877951
39.9421300,32.6882121
39.9419520,32.6886609
39.9418680,32.6888969
39.9417910,32.6891190
39.9416100,32.6896509
39.9413400,32.6904709
39.9411071,32.6911720
39.9408970,32.6917971
39.9407490,32.6922490
39.9406080,32.6926781
39.9404380,32.6931400
39.9403291,32.6934439
39.9402090,32.6937430
39.9400760,32.6940479
39.9399360,32.6943670
39.9398010,32.6946480
39.9396290,32.6949881
39.9395100,32.6952159
39.9392680,32.6956320
39.9390760,32.6959551
39.9389039,32.6962360
39.9387970,32.6963960
39.9386950,32.6965420
39.9384860,32.6968279
39.9382210,32.6971870
39.9379719,32.6975010
39.9376170,32.6979420
39.9373650,32.6982620
39.9371151,32.6985819
39.9367830,32.6989999
39.9366029,32.6992311
39.9363260,32.6995680
39.9360640,32.6999030
39.9358100,32.7002110
39.9356290,32.7004430
39.9354219,32.7007031
39.9350430,32.7011750
39.9347520,32.7015359
39.9344619,32.7018941
39.9341610,32.7022740
39.9338570,32.7026540
39.9335459,32.7030441
39.9332820,32.7033740
39.9329770,32.7037490
39.9326610,32.7041451
39.9323510,32.7045399
39.9322780,32.7046330
39.9319560,32.7050339
39.9315180,32.7055710
39.9311740,32.7060070
39.9308650,32.7063910
39.9306130,32.7067051
39.9303560,32.7070299
39.9301291,32.7073179
39.9298960,32.7076359
39.9296100,32.7080399
39.9292980,32.7085170
39.9290990,32.7088289
39.9288710,32.7092200
39.9286031,32.7096960
39.9284370,32.7100100
39.9282740,32.7103370
39.9280050,32.7108980
39.9278360,32.7112730
39.9276539,32.7117200
39.9275240,32.7120230
39.9274061,32.7123489
39.9273010,32.7126290
39.9271901,32.7129580
39.9270370,32.7134269
39.9269199,32.7138240
39.9268290,32.7141651
39.9267010,32.7146419
39.9265811,32.7151639
39.9264449,32.7157390
39.9263199,32.7163331
39.9261970,32.7168920
39.9261410,32.7171360
39.9260559,32.7175120
39.9259480,32.7180120
39.9258340,32.7184990
39.9257370,32.7189960
39.9256300,32.7194559
39.9255560,32.7197959
39.9254430,32.7202990
39.9253630,32.7207060
39.9252680,32.7211630
39.9252040,32.7214870
39.9251350,32.7218990
39.9250771,32.7222919
39.9250090,32.7228680
39.9249571,32.7233700
39.9249149,32.7237681
39.9248900,32.7242930
39.9248660,32.7247231
39.9248520,32.7251951
39.9248510,32.7256360
39.9248589,32.7261370
39.9248760,32.7266089
39.9249110,32.7272489
39.9249769,32.7279520
39.9250711,32.7287060
39.9251550,32.7292719
39.9252651,32.7298869
39.9253990,32.7305439
39.9255550,32.7311799
39.9256920,32.7316970
39.9258209,32.7321290
39.9259761,32.7326380
39.9262570,32.7334239
39.9265280,32.7342090
39.9267650,32.7348780
39.9270100,32.7355760
39.9272830,32.7363690
39.9275440,32.7371150
39.9278220,32.7379100
39.9280501,32.7385599
39.9282970,32.7392479
39.9284880,32.7398060
39.9287320,32.7404960
39.9289490,32.7410941
39.9291871,32.7417689
39.9294480,32.7424931
39.9296960,32.7431979
39.9299590,32.7439560
39.9301360,32.7444680
39.9303510,32.7450921
39.9305500,32.7456591
39.9307130,32.7461990
39.9308400,32.7466409
39.9309820,32.7472050
39.9311060,32.7477609
39.9312330,32.7484199
39.9313450,32.7491490
39.9314020,32.7496190
39.9314460,32.7500800
39.9314820,32.7504359
39.9315110,32.7510951
39.9315260,32.7516360
39.9315160,32.7524650
39.9315030,32.7528201
39.9314850,32.7531429
39.9314549,32.7536890
39.9314080,32.7542959
39.9313580,32.7550489
39.9313080,32.7557130
39.9312670,32.7562981
39.9312210,32.7569420
39.9311830,32.7575150
39.9311410,32.7581031
39.9310980,32.7587020
39.9310650,32.7593000
39.9310280,32.7598300
39.9309840,32.7603280
39.9309490,32.7608810
39.9309190,32.7613141
39.9308869,32.7618980
39.9308769,32.7625261
39.9308811,32.7630790
39.9308950,32.7636500
39.9309250,32.7641050
39.9309770,32.7646639
39.9310150,32.7650691
39.9310910,32.7656050
39.9311931,32.7662209
39.9313130,32.7668889
39.9314311,32.7675600
39.9315710,32.7683100
39.9316810,32.7689540
39.9317810,32.7694701
39.9318780,32.7699951
39.9319801,32.7705109
39.9320579,32.7708730
39.9321299,32.7712070
39.9322080,32.7715601
39.9323411,32.7721180
39.9325630,32.7729869
39.9327590,32.7737741
39.9329410,32.7744809
39.9331110,32.7751520
39.9332250,32.7755800
39.9333439,32.7759820
39.9335611,32.7766349
39.9338670,32.7775610
39.9341450,32.7783200
39.9344140,32.7790890
39.9347009,32.7798951
39.9349440,32.7805990
39.9351581,32.7812219
39.9353980,32.7819039
39.9355850,32.7824220
39.9358180,32.7830980
39.9360350,32.7837230
39.9362689,32.7843821
39.9365449,32.7851620
39.9368050,32.7859120
39.9370230,32.7865220
39.9372610,32.7872080
39.9375389,32.7879910
39.9378070,32.7887600
39.9382460,32.7900970
39.9384639,32.7906920
39.9387020,32.7913490
39.9390040,32.7922009
39.9392830,32.7929340
39.9395570,32.7937330
39.9397991,32.7945169
39.9400110,32.7953740
39.9401689,32.7960251
39.9403200,32.7966949
39.9405000,32.7974779
39.9406550,32.7981330
39.9408459,32.7989650
39.9409979,32.7996161
39.9411480,32.8002809
39.9413631,32.8011240
39.9414980,32.8017690
39.9417070,32.8026820
39.9418840,32.8034520
39.9420640,32.8042089
39.9422590,32.8050440
39.9424330,32.8057949
39.9426320,32.8066369
39.9428190,32.8074271
39.9430009,32.8082120
39.9431630,32.8089340
39.9432941,32.8095210
39.9434320,32.8101330
39.9435830,32.8107870
39.9438090,32.8117520
39.9439870,32.8125141
39.9441790,32.8133079
39.9443490,32.8140670
39.9444990,32.8146831
39.9446430,32.8152679
39.9448390,32.8160399
39.9450060,32.8167110
39.9451760,32.8174090
39.9453569,32.8181410
39.9455410,32.8188870
39.9457260,32.8196240
39.9458530,32.8201529
39.9459350,32.8205919
39.9460020,32.8211359
39.9460289,32.8214940
39.9460370,32.8218320
39.9460349,32.8221221
39.9460200,32.8224839
39.9459820,32.8228790
39.9459370,32.8232270
39.9458930,32.8234861
39.9458469,32.8237360
39.9457890,32.8239800
39.9457080,32.8242890
39.9456140,32.8245749
39.9455130,32.8248660
39.9454000,32.8251509
39.9451899,32.8256151
39.9449480,32.8261281
39.9447980,32.8264421
39.9446439,32.8267690
39.9444370,32.8271890
39.9442510,32.8275461
39.9440330,32.8279701
39.9438129,32.8283770
39.9434811,32.8289880
39.9433000,32.8293040
39.9430510,32.8297519
39.9427980,32.8302190
39.9426079,32.8305681
39.9423541,32.8310199
39.9420951,32.8315080
39.9418020,32.8320280
39.9415590,32.8324761
39.9413160,32.8329090
39.9410819,32.8333350
39.9407960,32.8338551
39.9405490,32.8342930
39.9403269,32.8347101
39.9400600,32.8352089
39.9397730,32.8357441
39.9395359,32.8361890
39.9392820,32.8366700
39.9390350,32.8371390
39.9388041,32.8375570
39.9385590,32.8380260
39.9383260,32.8384600
39.9381259,32.8388330
39.9379600,32.8391480
39.9378420,32.8393420
39.9377200,32.8395170
39.9376150,32.8396490
39.9375320,32.8397420
39.9374180,32.8398520
39.9372910,32.8399790
39.9371950,32.8400840
39.9371021,32.8401880
39.9369530,32.8403819
39.9368189,32.8405740
39.9365930,32.8409090
39.9365060,32.8410389
39.9364000,32.8412130
39.9361280,32.8417350
39.9359029,32.8421621
39.9356320,32.8426450
39.9353260,32.8432080
39.9351383,32.8435506
39.9351120,32.8435260
39.9352210,32.8437340
39.9348701,32.8434227
39.9347792,32.8435969
39.9346569,32.8438315
39.9343054,32.8444950
39.9339872,32.8450628
39.9338552,32.8452748
39.9337066,32.8454938
39.9335772,32.8456864
39.9333761,32.8459965
39.9333281,32.8460616
39.9332475,32.8461711
39.9330864,32.8464063
39.9330457,32.8464867
39.9328914,32.8467657
39.9327899,32.8469382
39.9327306,32.8470358
39.9326744,32.8471234
39.9326038,32.8472168
39.9324836,32.8473662
39.9323813,32.8474740
39.9322054,32.8476604
39.9320893,32.8477748
39.9319935,32.8478903
39.9319430,32.8479461
39.9316372,32.8482831
39.9310232,32.8489564
39.9307326,32.8492794
39.9303337,32.8497703
39.9301078,32.8501236
39.9299774,32.8503771
39.9298512,32.8506293
39.9297508,32.8508647
39.9296182,32.8512224
39.9295335,32.8514840
39.9294563,32.8517538
39.9294460,32.8517900
39.9293888,32.8520622
39.9293666,32.8522077
39.9293308,32.8524445
39.9292961,32.8528044
39.9292790,32.8529801
39.9292590,32.8531985
39.9292520,32.8532670
39.9292245,32.8536014
39.9292153,32.8538695
39.9292096,32.8539864
39.9292040,32.8541030
39.9291669,32.8548050
39.9291348,32.8554115
39.9291282,32.8555602
39.9291008,32.8564978
39.9290934,32.8567467
39.9291053,32.8572100
39.9291318,32.8578409
39.9291475,32.8582119
39.9291593,32.8588173
39.9291575,32.8593520
39.9291533,32.8594666
39.9291432,32.8596024
39.9291331,32.8597384
39.9291283,32.8597996
39.9291235,32.8598607
39.9291162,32.8599470
39.9291090,32.8600328
39.9291043,32.8600705
39.9290680,32.8604305
39.9290202,32.8607883
39.9288726,32.8618160
39.9288313,32.8621327
39.9287948,32.8624953
39.9287658,32.8628482
39.9287484,32.8631786
39.9287419,32.8636362
39.9287524,32.8642473
39.9287693,32.8647212
39.9287917,32.8652614
39.9288115,32.8659389
39.9288674,32.8671457
39.9288707,32.8672394
39.9288738,32.8673325
39.9288756,32.8673885
39.9288772,32.8674446
39.9288791,32.8674984
39.9288808,32.8675525
39.9288899,32.8677509
39.9288916,32.8677904
39.9288946,32.8678600
39.9288978,32.8679293
39.9289025,32.8680369
39.9289202,32.8685552
39.9289571,32.8690151
39.9289972,32.8693149
39.9290832,32.8698129
39.9291920,32.8701983
39.9293163,32.8705843
39.9294635,32.8709446
39.9295655,32.8711372
39.9295876,32.8711786
39.9297425,32.8714545
39.9299509,32.8717578
39.9302434,32.8721125
39.9306762,32.8725753
39.9309603,32.8728543
39.9319600,32.8738523
39.9320258,32.8739182
39.9322864,32.8741775
39.9323963,32.8743076
39.9325132,32.8744505
39.9325314,32.8744727
39.9326295,32.8746291
39.9326652,32.8746859
39.9328501,32.8750180
39.9330451,32.8753947
39.9334120,32.8761025
39.9334658,32.8761944
39.9335603,32.8763555
39.9337755,32.8767223
39.9337785,32.8767283
39.9340128,32.8771824
39.9340806,32.8773115
39.9342000,32.8775393
39.9342719,32.8776628
39.9344344,32.8778946
39.9344955,32.8779820
39.9346866,32.8782289
39.9347696,32.8783361
39.9349997,32.8786463
39.9354108,32.8791787
39.9357507,32.8795453
39.9360484,32.8798420
39.9363289,32.8800839
39.9365469,32.8802633
39.9367873,32.8804526
39.9370600,32.8806420
39.9372196,32.8807456
39.9372749,32.8807828
39.9373302,32.8808199
39.9373315,32.8808211
39.9378720,32.8811501
39.9381156,32.8813055
39.9382881,32.8814170
39.9386496,32.8816943
39.9389263,32.8819257
39.9391859,32.8821720
39.9393724,32.8823664
39.9395405,32.8825629
39.9397261,32.8827986
39.9398772,32.8830124
39.9400720,32.8833281
39.9400769,32.8833362
39.9402155,32.8835683
39.9404537,32.8839264
39.9406217,32.8843157
39.9407605,32.8847004
39.9408337,32.8849244
39.9409135,32.8851558
39.9410518,32.8856696
39.9411517,32.8861222
39.9411546,32.8861353
39.9412235,32.8866318
39.9412679,32.8871612
39.9412865,32.8877827
39.9412742,32.8883943
39.9412434,32.8887642
39.9411908,32.8891545
39.9411285,32.8895138
39.9410370,32.8899236
39.9409176,32.8903509
39.9408083,32.8906857
39.9407062,32.8909505
39.9406446,32.8910989
39.9406392,32.8911206
39.9405011,32.8914418
39.9403468,32.8917640
39.9401352,32.8921608
39.9401141,32.8921948
39.9399157,32.8924837
39.9396523,32.8928406
39.9394280,32.8931168
39.9393560,32.8931945
39.9391457,32.8934213
39.9388311,32.8937051
39.9385687,32.8939288
39.9380557,32.8943664
39.9376521,32.8947091
39.9375653,32.8947757
39.9372482,32.8950188
39.9367159,32.8954442
39.9363556,32.8958082
39.9361596,32.8959739
39.9360688,32.8960725
39.9358539,32.8963295
39.9356624,32.8965886
39.9355208,32.8967972
39.9355043,32.8968217
39.9353524,32.8970682
39.9352088,32.8973455
39.9351002,32.8975688
39.9350364,32.8976971
39.9349834,32.8978186
39.9348779,32.8980601
39.9347418,32.8984471
39.9346722,32.8986453
39.9346070,32.8988633
39.9343409,32.8998426
39.9338990,32.9015649
39.9336065,32.9025535
39.9334191,32.9032244
39.9333980,32.9033162
39.9333621,32.9034673
39.9332871,32.9038196
39.9332712,32.9038932
39.9332433,32.9041428
39.9332155,32.9043920
39.9329466,32.9058788
39.9326596,32.9074658
39.9326316,32.9076142
39.9326033,32.9077625
39.9325800,32.9078798
39.9324388,32.9085222
39.9323101,32.9090197
39.9321558,32.9094820
39.9319838,32.9099048
39.9316359,32.9106866
39.9314352,32.9111895
39.9313097,32.9115227
39.9312680,32.9116331
39.9311728,32.9118862
39.9310286,32.9122883
39.9309676,32.9124431
39.9309066,32.9125977
39.9308870,32.9126380
39.9306878,32.9130988
39.9305368,32.9134020
39.9305145,32.9134467
39.9303576,32.9137355
39.9302354,32.9139400
39.9300835,32.9141719
39.9298711,32.9144574
39.9298493,32.9144830
39.9294498,32.9149559
39.9291208,32.9153449
39.9290084,32.9154798
39.9288959,32.9156146
39.9285939,32.9159729
39.9285518,32.9160240
39.9285097,32.9160751
39.9281118,32.9165504
39.9274966,32.9172856
39.9272859,32.9175941
39.9270523,32.9180189
39.9269147,32.9182859
39.9269136,32.9182879
39.9267475,32.9186601
39.9265932,32.9190689
39.9264877,32.9193992
39.9264447,32.9195497
39.9263818,32.9197695
39.9263736,32.9197984
39.9262795,32.9202190
39.9262593,32.9203093
39.9262036,32.9206260
39.9261921,32.9206965
39.9261701,32.9208563
39.9261383,32.9210872
39.9261372,32.9210952
39.9261151,32.9213198
39.9260695,32.9217850
39.9260466,32.9220175
39.9260236,32.9222502
39.9260143,32.9223452
39.9259576,32.9230013
39.9259138,32.9233888
39.9259051,32.9234655
39.9258753,32.9237289
39.9258299,32.9240550
39.9258145,32.9241589
39.9257611,32.9245206
39.9256558,32.9250621
39.9255706,32.9253738
39.9254762,32.9256988
39.9253713,32.9259884
39.9252868,32.9261874
39.9252026,32.9263790
39.9250990,32.9265900
39.9249838,32.9267974
39.9248264,32.9270685
39.9247340,32.9272239
39.9243791,32.9277756
39.9241526,32.9281394
39.9238634,32.9285958
39.9236059,32.9290362
39.9234138,32.9294130
39.9232879,32.9296833
39.9231764,32.9299592
39.9229976,32.9304273
39.9228439,32.9308335
39.9226312,32.9314605
39.9224244,32.9321298
39.9224227,32.9321351
39.9224162,32.9321580
39.9221107,32.9332419
39.9220510,32.9334502
39.9219516,32.9337968
39.9219091,32.9339256
39.9217598,32.9343439
39.9216947,32.9344802
39.9216864,32.9344985
39.9216011,32.9346721
39.9215920,32.9346900
39.9214713,32.9349260
39.9213346,32.9351930
39.9211756,32.9354542
39.9211268,32.9355342
39.9207282,32.9360793
39.9205874,32.9362680
39.9198659,32.9372260
39.9193774,32.9378961
39.9191804,32.9381936
39.9191237,32.9382856
39.9190208,32.9384782
39.9188832,32.9387258
39.9188114,32.9388592
39.9187470,32.9389791
39.9185676,32.9393450
39.9185018,32.9394900
39.9184479,32.9396120
39.9183938,32.9397341
39.9183898,32.9397457
39.9182395,32.9401312
39.9181543,32.9403645
39.9181508,32.9403743
39.9180227,32.9408011
39.9179963,32.9408892
39.9179060,32.9412422
39.9177066,32.9421460
39.9176570,32.9423712
39.9175336,32.9429307
39.9175037,32.9430993
39.9174715,32.9432643
39.9174393,32.9434292
39.9173098,32.9441124
39.9171804,32.9447954
39.9171197,32.9451152
39.9169733,32.9458778
39.9168882,32.9462897
39.9168359,32.9466548
39.9167924,32.9469718
39.9167675,32.9472413
39.9167586,32.9473295
39.9167355,32.9478187
39.9167317,32.9483570
39.9167526,32.9489019
39.9167802,32.9493054
39.9168322,32.9497585
39.9168650,32.9502127
39.9168725,32.9503181
39.9168936,32.9507110
39.9169113,32.9510743
39.9169161,32.9513245
39.9168894,32.9520700
39.9168349,32.9525571
39.9167640,32.9530847
39.9166917,32.9535013
39.9166241,32.9538308
39.9166128,32.9538860
39.9164732,32.9543345
39.9164316,32.9544387
39.9163534,32.9546677
39.9162832,32.9548596
39.9162674,32.9548990
39.9162542,32.9549352
39.9161337,32.9552600
39.9159286,32.9556800
39.9158934,32.9557449
39.9157895,32.9559364
39.9156401,32.9562116
39.9152818,32.9568576
39.9152186,32.9569781
39.9151951,32.9570250
39.9151855,32.9570410
39.9150577,32.9572888
39.9148402,32.9577612
39.9148081,32.9578393
39.9146867,32.9581350
39.9145685,32.9584668
39.9143044,32.9592038
39.9142319,32.9593959
39.9141802,32.9595049
39.9140674,32.9597722
39.9140306,32.9598674
39.9139472,32.9600779
39.9138408,32.9603693
39.9137701,32.9605800
39.9137390,32.9607234
39.9137310,32.9607557
39.9137294,32.9607630
39.9137218,32.9608121
39.9136904,32.9609748
39.9136602,32.9611921
39.9136228,32.9615033
39.9136125,32.9615877
39.9135839,32.9618902
39.9135794,32.9619686
39.9135691,32.9621455
39.9135578,32.9624151
39.9134882,32.9640486
39.9134612,32.9649086
39.9134284,32.9657193
39.9133800,32.9657160
39.9137020,32.9659920
39.9142627,32.9659013
